Table Name,Column Name,Note,Calc. column,# Column Cardinality,{Slctd} Sort by column,Format String
ATC4-重点治疗领域,ATC4,"",,555,,""
ATC4-重点治疗领域,重点二级治疗领域,"",,17,,""
Company Ranking,集团名称,"",,5403,,""
DateTableTemplate_9a42745c-28c0-466e-93e9-56b792782efc,Date,"",,1,,""
DateTableTemplate_9a42745c-28c0-466e-93e9-56b792782efc,MonthNo,"","data:image/jpeg;base64, iVBORw0KGgoAAAANSUhEUgAAAEAAAABACAYAAACqaXHeAAAAAXNSR0IArs4c6QAAAARnQU1BAACxjwv8YQUAAAAJcEhZcwAADsMAAA7DAcdvqGQAAAR/SURBVHhe7ZtpqG5TGICPeQoZUkIhEpJ/iigyZyrKfHFvKUTkhyEh0x9KIcqQefohQsQPGUJSSCRjIYQylHn2POeel2WdffZZ++x9v/19x37q6Z5v7bXWt/d7917Du8+ZGhgYGBgYGBhIOAPvX0Tuio14BP9aRC7BRtyLVR1NqkdhI4YAYNrBtWgnx06AR+OLmJ5/6wAcjJPE7Zief+sANO6gZ1qff97BQThJdH4HvIBV8+u4+hGm5986AJPuEABsxBAATDtosg6omof7bt86AE3XAfko3Hf71gFo2sGktx8CMAQA23QwBADT9kdiE9q2fwjT9r0H4FBswh1Y134VXHn5j5Vcgj9htG8awM4D8DzeifcUeBd+iFXtH8T78AhcE+vYHm9B27dOibUNQFd+jcfgGljKBXjc8h/LGccAvIqb4UJYe+bfYsYtAG/hJjgyug7ANWgfpfrMR9tv0ed5LvbAK9Gx4VY8HlfFVnQdgKYZpdsw2i6zoALviAfwY8wHzbOwFV0HYKHtX5r+NJsd8H38DrfADdE7Jb7PzVAr+g7A42i7Q6Y//Rcv9j30+OEWzHAYfoDv4O4WtKHvAJyIl6MLnpzY6r6BK1mQ4Gg/3/qgiL4DMBc74x9on5dZsKIY1wCYGYo+W9/mdXQdgC7eKzi1vY329zmujyuMrgNQ8l7hVKzD0f53tL9nLeiAfAz5h64DUOK5mLMnXoTn490Ydd+cKbsQL8Z9cTV01nADZIBuxrlWj9uhm6vXsHLKHHUA/kQHuBwv+jf8GdP6bnV/wTjmLvIVjAEydEW5OqY4dnyFab1ZjDoAn2HVDm8DdN5fF5/BqH8AOgZ4bD10YbQ3boOON19g1HV9EGyNP2AcU4M2i64DUJfXd6++F9axFn6K9vUlGpA6zsH4bh8J8Xl/Hb0r9kMfoSvQvcQsug5A298v2A2jr6csmIfN8Xu0/rsWwNn4CXrHzEvXAWjaPucUjL6utqCAJ9H6jhc+Fr4x3gWLGLcARGpLfWxKOBOt7zPupsnZophxCoDJT59d+/kVncJKcFaJdYPTZqMcwTgFwAXQj2g/boHzaa0On3/buRBrRH4Bo87rpxyI0Y9Z4VJ2xFg/fIMbYTH5BXSd12+Cz270Y4a3BKc8pzvzA9G20eYpD0Dk5fMcfpV1ef2q+ur32a4q6/swRj8ugEq4Cl0ZpuNAq0FwFDpv53O0C6AIpis45/cqNsYYG5wlrL/T9Kd/d5BmiooHwj4C8ATmeBGxvnfjku/eNkXvEFeHjvRugKx7GgY3YXyHG6si+vhtcW/bHJfJcdxMcY5jQtqH3ogp7ijT49ehY9JSPAEr8ffrnbpG6ZaY48nGiVflC8wdphd3A+Z41zyKaT11Sm38ymzUvIyerAugbS3IMGnqXeIAt78Fc7AOnoSXou8MGv8BRR9shfGK2+f8f8fJGLfrRPyPLRTnalNaOc+hF3/99KdFiqszU1teqKvHIJa/T2MnLzrGlfMwbnM9HfdBNz+PYVHyYpLxtXe6Xld3cGZvRsTU1N8UgruoWB5YuQAAAABJRU5ErkJggg==",1,,""
DateTableTemplate_9a42745c-28c0-466e-93e9-56b792782efc,QuarterNo,"","data:image/jpeg;base64, iVBORw0KGgoAAAANSUhEUgAAAEAAAABACAYAAACqaXHeAAAAAXNSR0IArs4c6QAAAARnQU1BAACxjwv8YQUAAAAJcEhZcwAADsMAAA7DAcdvqGQAAAR/SURBVHhe7ZtpqG5TGICPeQoZUkIhEpJ/iigyZyrKfHFvKUTkhyEh0x9KIcqQefohQsQPGUJSSCRjIYQylHn2POeel2WdffZZ++x9v/19x37q6Z5v7bXWt/d7917Du8+ZGhgYGBgYGBhIOAPvX0Tuio14BP9aRC7BRtyLVR1NqkdhI4YAYNrBtWgnx06AR+OLmJ5/6wAcjJPE7Zief+sANO6gZ1qff97BQThJdH4HvIBV8+u4+hGm5986AJPuEABsxBAATDtosg6omof7bt86AE3XAfko3Hf71gFo2sGktx8CMAQA23QwBADT9kdiE9q2fwjT9r0H4FBswh1Y134VXHn5j5Vcgj9htG8awM4D8DzeifcUeBd+iFXtH8T78AhcE+vYHm9B27dOibUNQFd+jcfgGljKBXjc8h/LGccAvIqb4UJYe+bfYsYtAG/hJjgyug7ANWgfpfrMR9tv0ed5LvbAK9Gx4VY8HlfFVnQdgKYZpdsw2i6zoALviAfwY8wHzbOwFV0HYKHtX5r+NJsd8H38DrfADdE7Jb7PzVAr+g7A42i7Q6Y//Rcv9j30+OEWzHAYfoDv4O4WtKHvAJyIl6MLnpzY6r6BK1mQ4Gg/3/qgiL4DMBc74x9on5dZsKIY1wCYGYo+W9/mdXQdgC7eKzi1vY329zmujyuMrgNQ8l7hVKzD0f53tL9nLeiAfAz5h64DUOK5mLMnXoTn490Ydd+cKbsQL8Z9cTV01nADZIBuxrlWj9uhm6vXsHLKHHUA/kQHuBwv+jf8GdP6bnV/wTjmLvIVjAEydEW5OqY4dnyFab1ZjDoAn2HVDm8DdN5fF5/BqH8AOgZ4bD10YbQ3boOON19g1HV9EGyNP2AcU4M2i64DUJfXd6++F9axFn6K9vUlGpA6zsH4bh8J8Xl/Hb0r9kMfoSvQvcQsug5A298v2A2jr6csmIfN8Xu0/rsWwNn4CXrHzEvXAWjaPucUjL6utqCAJ9H6jhc+Fr4x3gWLGLcARGpLfWxKOBOt7zPupsnZophxCoDJT59d+/kVncJKcFaJdYPTZqMcwTgFwAXQj2g/boHzaa0On3/buRBrRH4Bo87rpxyI0Y9Z4VJ2xFg/fIMbYTH5BXSd12+Cz270Y4a3BKc8pzvzA9G20eYpD0Dk5fMcfpV1ef2q+ur32a4q6/swRj8ugEq4Cl0ZpuNAq0FwFDpv53O0C6AIpis45/cqNsYYG5wlrL/T9Kd/d5BmiooHwj4C8ATmeBGxvnfjku/eNkXvEFeHjvRugKx7GgY3YXyHG6si+vhtcW/bHJfJcdxMcY5jQtqH3ogp7ijT49ehY9JSPAEr8ffrnbpG6ZaY48nGiVflC8wdphd3A+Z41zyKaT11Sm38ymzUvIyerAugbS3IMGnqXeIAt78Fc7AOnoSXou8MGv8BRR9shfGK2+f8f8fJGLfrRPyPLRTnalNaOc+hF3/99KdFiqszU1teqKvHIJa/T2MnLzrGlfMwbnM9HfdBNz+PYVHyYpLxtXe6Xld3cGZvRsTU1N8UgruoWB5YuQAAAABJRU5ErkJggg==",1,,""
DateTableTemplate_9a42745c-28c0-466e-93e9-56b792782efc,季度,"","data:image/jpeg;base64, iVBORw0KGgoAAAANSUhEUgAAAEAAAABACAYAAACqaXHeAAAAAXNSR0IArs4c6QAAAARnQU1BAACxjwv8YQUAAAAJcEhZcwAADsMAAA7DAcdvqGQAAAR/SURBVHhe7ZtpqG5TGICPeQoZUkIhEpJ/iigyZyrKfHFvKUTkhyEh0x9KIcqQefohQsQPGUJSSCRjIYQylHn2POeel2WdffZZ++x9v/19x37q6Z5v7bXWt/d7917Du8+ZGhgYGBgYGBhIOAPvX0Tuio14BP9aRC7BRtyLVR1NqkdhI4YAYNrBtWgnx06AR+OLmJ5/6wAcjJPE7Zief+sANO6gZ1qff97BQThJdH4HvIBV8+u4+hGm5986AJPuEABsxBAATDtosg6omof7bt86AE3XAfko3Hf71gFo2sGktx8CMAQA23QwBADT9kdiE9q2fwjT9r0H4FBswh1Y134VXHn5j5Vcgj9htG8awM4D8DzeifcUeBd+iFXtH8T78AhcE+vYHm9B27dOibUNQFd+jcfgGljKBXjc8h/LGccAvIqb4UJYe+bfYsYtAG/hJjgyug7ANWgfpfrMR9tv0ed5LvbAK9Gx4VY8HlfFVnQdgKYZpdsw2i6zoALviAfwY8wHzbOwFV0HYKHtX5r+NJsd8H38DrfADdE7Jb7PzVAr+g7A42i7Q6Y//Rcv9j30+OEWzHAYfoDv4O4WtKHvAJyIl6MLnpzY6r6BK1mQ4Gg/3/qgiL4DMBc74x9on5dZsKIY1wCYGYo+W9/mdXQdgC7eKzi1vY329zmujyuMrgNQ8l7hVKzD0f53tL9nLeiAfAz5h64DUOK5mLMnXoTn490Ydd+cKbsQL8Z9cTV01nADZIBuxrlWj9uhm6vXsHLKHHUA/kQHuBwv+jf8GdP6bnV/wTjmLvIVjAEydEW5OqY4dnyFab1ZjDoAn2HVDm8DdN5fF5/BqH8AOgZ4bD10YbQ3boOON19g1HV9EGyNP2AcU4M2i64DUJfXd6++F9axFn6K9vUlGpA6zsH4bh8J8Xl/Hb0r9kMfoSvQvcQsug5A298v2A2jr6csmIfN8Xu0/rsWwNn4CXrHzEvXAWjaPucUjL6utqCAJ9H6jhc+Fr4x3gWLGLcARGpLfWxKOBOt7zPupsnZophxCoDJT59d+/kVncJKcFaJdYPTZqMcwTgFwAXQj2g/boHzaa0On3/buRBrRH4Bo87rpxyI0Y9Z4VJ2xFg/fIMbYTH5BXSd12+Cz270Y4a3BKc8pzvzA9G20eYpD0Dk5fMcfpV1ef2q+ur32a4q6/swRj8ugEq4Cl0ZpuNAq0FwFDpv53O0C6AIpis45/cqNsYYG5wlrL/T9Kd/d5BmiooHwj4C8ATmeBGxvnfjku/eNkXvEFeHjvRugKx7GgY3YXyHG6si+vhtcW/bHJfJcdxMcY5jQtqH3ogp7ijT49ehY9JSPAEr8ffrnbpG6ZaY48nGiVflC8wdphd3A+Z41zyKaT11Sm38ymzUvIyerAugbS3IMGnqXeIAt78Fc7AOnoSXou8MGv8BRR9shfGK2+f8f8fJGLfrRPyPLRTnalNaOc+hF3/99KdFiqszU1teqKvHIJa/T2MnLzrGlfMwbnM9HfdBNz+PYVHyYpLxtXe6Xld3cGZvRsTU1N8UgruoWB5YuQAAAABJRU5ErkJggg==",1,QuarterNo,""
DateTableTemplate_9a42745c-28c0-466e-93e9-56b792782efc,年,"","data:image/jpeg;base64, iVBORw0KGgoAAAANSUhEUgAAAEAAAABACAYAAACqaXHeAAAAAXNSR0IArs4c6QAAAARnQU1BAACxjwv8YQUAAAAJcEhZcwAADsMAAA7DAcdvqGQAAAR/SURBVHhe7ZtpqG5TGICPeQoZUkIhEpJ/iigyZyrKfHFvKUTkhyEh0x9KIcqQefohQsQPGUJSSCRjIYQylHn2POeel2WdffZZ++x9v/19x37q6Z5v7bXWt/d7917Du8+ZGhgYGBgYGBhIOAPvX0Tuio14BP9aRC7BRtyLVR1NqkdhI4YAYNrBtWgnx06AR+OLmJ5/6wAcjJPE7Zief+sANO6gZ1qff97BQThJdH4HvIBV8+u4+hGm5986AJPuEABsxBAATDtosg6omof7bt86AE3XAfko3Hf71gFo2sGktx8CMAQA23QwBADT9kdiE9q2fwjT9r0H4FBswh1Y134VXHn5j5Vcgj9htG8awM4D8DzeifcUeBd+iFXtH8T78AhcE+vYHm9B27dOibUNQFd+jcfgGljKBXjc8h/LGccAvIqb4UJYe+bfYsYtAG/hJjgyug7ANWgfpfrMR9tv0ed5LvbAK9Gx4VY8HlfFVnQdgKYZpdsw2i6zoALviAfwY8wHzbOwFV0HYKHtX5r+NJsd8H38DrfADdE7Jb7PzVAr+g7A42i7Q6Y//Rcv9j30+OEWzHAYfoDv4O4WtKHvAJyIl6MLnpzY6r6BK1mQ4Gg/3/qgiL4DMBc74x9on5dZsKIY1wCYGYo+W9/mdXQdgC7eKzi1vY329zmujyuMrgNQ8l7hVKzD0f53tL9nLeiAfAz5h64DUOK5mLMnXoTn490Ydd+cKbsQL8Z9cTV01nADZIBuxrlWj9uhm6vXsHLKHHUA/kQHuBwv+jf8GdP6bnV/wTjmLvIVjAEydEW5OqY4dnyFab1ZjDoAn2HVDm8DdN5fF5/BqH8AOgZ4bD10YbQ3boOON19g1HV9EGyNP2AcU4M2i64DUJfXd6++F9axFn6K9vUlGpA6zsH4bh8J8Xl/Hb0r9kMfoSvQvcQsug5A298v2A2jr6csmIfN8Xu0/rsWwNn4CXrHzEvXAWjaPucUjL6utqCAJ9H6jhc+Fr4x3gWLGLcARGpLfWxKOBOt7zPupsnZophxCoDJT59d+/kVncJKcFaJdYPTZqMcwTgFwAXQj2g/boHzaa0On3/buRBrRH4Bo87rpxyI0Y9Z4VJ2xFg/fIMbYTH5BXSd12+Cz270Y4a3BKc8pzvzA9G20eYpD0Dk5fMcfpV1ef2q+ur32a4q6/swRj8ugEq4Cl0ZpuNAq0FwFDpv53O0C6AIpis45/cqNsYYG5wlrL/T9Kd/d5BmiooHwj4C8ATmeBGxvnfjku/eNkXvEFeHjvRugKx7GgY3YXyHG6si+vhtcW/bHJfJcdxMcY5jQtqH3ogp7ijT49ehY9JSPAEr8ffrnbpG6ZaY48nGiVflC8wdphd3A+Z41zyKaT11Sm38ymzUvIyerAugbS3IMGnqXeIAt78Fc7AOnoSXou8MGv8BRR9shfGK2+f8f8fJGLfrRPyPLRTnalNaOc+hF3/99KdFiqszU1teqKvHIJa/T2MnLzrGlfMwbnM9HfdBNz+PYVHyYpLxtXe6Xld3cGZvRsTU1N8UgruoWB5YuQAAAABJRU5ErkJggg==",1,,""
DateTableTemplate_9a42745c-28c0-466e-93e9-56b792782efc,日,"","data:image/jpeg;base64, iVBORw0KGgoAAAANSUhEUgAAAEAAAABACAYAAACqaXHeAAAAAXNSR0IArs4c6QAAAARnQU1BAACxjwv8YQUAAAAJcEhZcwAADsMAAA7DAcdvqGQAAAR/SURBVHhe7ZtpqG5TGICPeQoZUkIhEpJ/iigyZyrKfHFvKUTkhyEh0x9KIcqQefohQsQPGUJSSCRjIYQylHn2POeel2WdffZZ++x9v/19x37q6Z5v7bXWt/d7917Du8+ZGhgYGBgYGBhIOAPvX0Tuio14BP9aRC7BRtyLVR1NqkdhI4YAYNrBtWgnx06AR+OLmJ5/6wAcjJPE7Zief+sANO6gZ1qff97BQThJdH4HvIBV8+u4+hGm5986AJPuEABsxBAATDtosg6omof7bt86AE3XAfko3Hf71gFo2sGktx8CMAQA23QwBADT9kdiE9q2fwjT9r0H4FBswh1Y134VXHn5j5Vcgj9htG8awM4D8DzeifcUeBd+iFXtH8T78AhcE+vYHm9B27dOibUNQFd+jcfgGljKBXjc8h/LGccAvIqb4UJYe+bfYsYtAG/hJjgyug7ANWgfpfrMR9tv0ed5LvbAK9Gx4VY8HlfFVnQdgKYZpdsw2i6zoALviAfwY8wHzbOwFV0HYKHtX5r+NJsd8H38DrfADdE7Jb7PzVAr+g7A42i7Q6Y//Rcv9j30+OEWzHAYfoDv4O4WtKHvAJyIl6MLnpzY6r6BK1mQ4Gg/3/qgiL4DMBc74x9on5dZsKIY1wCYGYo+W9/mdXQdgC7eKzi1vY329zmujyuMrgNQ8l7hVKzD0f53tL9nLeiAfAz5h64DUOK5mLMnXoTn490Ydd+cKbsQL8Z9cTV01nADZIBuxrlWj9uhm6vXsHLKHHUA/kQHuBwv+jf8GdP6bnV/wTjmLvIVjAEydEW5OqY4dnyFab1ZjDoAn2HVDm8DdN5fF5/BqH8AOgZ4bD10YbQ3boOON19g1HV9EGyNP2AcU4M2i64DUJfXd6++F9axFn6K9vUlGpA6zsH4bh8J8Xl/Hb0r9kMfoSvQvcQsug5A298v2A2jr6csmIfN8Xu0/rsWwNn4CXrHzEvXAWjaPucUjL6utqCAJ9H6jhc+Fr4x3gWLGLcARGpLfWxKOBOt7zPupsnZophxCoDJT59d+/kVncJKcFaJdYPTZqMcwTgFwAXQj2g/boHzaa0On3/buRBrRH4Bo87rpxyI0Y9Z4VJ2xFg/fIMbYTH5BXSd12+Cz270Y4a3BKc8pzvzA9G20eYpD0Dk5fMcfpV1ef2q+ur32a4q6/swRj8ugEq4Cl0ZpuNAq0FwFDpv53O0C6AIpis45/cqNsYYG5wlrL/T9Kd/d5BmiooHwj4C8ATmeBGxvnfjku/eNkXvEFeHjvRugKx7GgY3YXyHG6si+vhtcW/bHJfJcdxMcY5jQtqH3ogp7ijT49ehY9JSPAEr8ffrnbpG6ZaY48nGiVflC8wdphd3A+Z41zyKaT11Sm38ymzUvIyerAugbS3IMGnqXeIAt78Fc7AOnoSXou8MGv8BRR9shfGK2+f8f8fJGLfrRPyPLRTnalNaOc+hF3/99KdFiqszU1teqKvHIJa/T2MnLzrGlfMwbnM9HfdBNz+PYVHyYpLxtXe6Xld3cGZvRsTU1N8UgruoWB5YuQAAAABJRU5ErkJggg==",1,,""
DateTableTemplate_9a42745c-28c0-466e-93e9-56b792782efc,月份,"","data:image/jpeg;base64, iVBORw0KGgoAAAANSUhEUgAAAEAAAABACAYAAACqaXHeAAAAAXNSR0IArs4c6QAAAARnQU1BAACxjwv8YQUAAAAJcEhZcwAADsMAAA7DAcdvqGQAAAR/SURBVHhe7ZtpqG5TGICPeQoZUkIhEpJ/iigyZyrKfHFvKUTkhyEh0x9KIcqQefohQsQPGUJSSCRjIYQylHn2POeel2WdffZZ++x9v/19x37q6Z5v7bXWt/d7917Du8+ZGhgYGBgYGBhIOAPvX0Tuio14BP9aRC7BRtyLVR1NqkdhI4YAYNrBtWgnx06AR+OLmJ5/6wAcjJPE7Zief+sANO6gZ1qff97BQThJdH4HvIBV8+u4+hGm5986AJPuEABsxBAATDtosg6omof7bt86AE3XAfko3Hf71gFo2sGktx8CMAQA23QwBADT9kdiE9q2fwjT9r0H4FBswh1Y134VXHn5j5Vcgj9htG8awM4D8DzeifcUeBd+iFXtH8T78AhcE+vYHm9B27dOibUNQFd+jcfgGljKBXjc8h/LGccAvIqb4UJYe+bfYsYtAG/hJjgyug7ANWgfpfrMR9tv0ed5LvbAK9Gx4VY8HlfFVnQdgKYZpdsw2i6zoALviAfwY8wHzbOwFV0HYKHtX5r+NJsd8H38DrfADdE7Jb7PzVAr+g7A42i7Q6Y//Rcv9j30+OEWzHAYfoDv4O4WtKHvAJyIl6MLnpzY6r6BK1mQ4Gg/3/qgiL4DMBc74x9on5dZsKIY1wCYGYo+W9/mdXQdgC7eKzi1vY329zmujyuMrgNQ8l7hVKzD0f53tL9nLeiAfAz5h64DUOK5mLMnXoTn490Ydd+cKbsQL8Z9cTV01nADZIBuxrlWj9uhm6vXsHLKHHUA/kQHuBwv+jf8GdP6bnV/wTjmLvIVjAEydEW5OqY4dnyFab1ZjDoAn2HVDm8DdN5fF5/BqH8AOgZ4bD10YbQ3boOON19g1HV9EGyNP2AcU4M2i64DUJfXd6++F9axFn6K9vUlGpA6zsH4bh8J8Xl/Hb0r9kMfoSvQvcQsug5A298v2A2jr6csmIfN8Xu0/rsWwNn4CXrHzEvXAWjaPucUjL6utqCAJ9H6jhc+Fr4x3gWLGLcARGpLfWxKOBOt7zPupsnZophxCoDJT59d+/kVncJKcFaJdYPTZqMcwTgFwAXQj2g/boHzaa0On3/buRBrRH4Bo87rpxyI0Y9Z4VJ2xFg/fIMbYTH5BXSd12+Cz270Y4a3BKc8pzvzA9G20eYpD0Dk5fMcfpV1ef2q+ur32a4q6/swRj8ugEq4Cl0ZpuNAq0FwFDpv53O0C6AIpis45/cqNsYYG5wlrL/T9Kd/d5BmiooHwj4C8ATmeBGxvnfjku/eNkXvEFeHjvRugKx7GgY3YXyHG6si+vhtcW/bHJfJcdxMcY5jQtqH3ogp7ijT49ehY9JSPAEr8ffrnbpG6ZaY48nGiVflC8wdphd3A+Z41zyKaT11Sm38ymzUvIyerAugbS3IMGnqXeIAt78Fc7AOnoSXou8MGv8BRR9shfGK2+f8f8fJGLfrRPyPLRTnalNaOc+hF3/99KdFiqszU1teqKvHIJa/T2MnLzrGlfMwbnM9HfdBNz+PYVHyYpLxtXe6Xld3cGZvRsTU1N8UgruoWB5YuQAAAABJRU5ErkJggg==",1,MonthNo,""
S-地图颜色选择,值,"",,3,,0
S-地图颜色选择,显示,"",,3,,""
中国上市药品,ATC4,"",,558,,""
中国上市药品,clean_company_id,"",,6001,,""
中国上市药品,clean_drug_id,"",,17000,,""
中国上市药品,clean_drug_type,"",,8,,""
中国上市药品,一致性评价,"",,4,,""
中国上市药品,企业类别new,"",,3,,0
中国上市药品,企业类型,"",,3,,0
中国上市药品,剂型,"",,223,,""
中国上市药品,剂型大类,"","data:image/jpeg;base64, iVBORw0KGgoAAAANSUhEUgAAAEAAAABACAYAAACqaXHeAAAAAXNSR0IArs4c6QAAAARnQU1BAACxjwv8YQUAAAAJcEhZcwAADsMAAA7DAcdvqGQAAAR/SURBVHhe7ZtpqG5TGICPeQoZUkIhEpJ/iigyZyrKfHFvKUTkhyEh0x9KIcqQefohQsQPGUJSSCRjIYQylHn2POeel2WdffZZ++x9v/19x37q6Z5v7bXWt/d7917Du8+ZGhgYGBgYGBhIOAPvX0Tuio14BP9aRC7BRtyLVR1NqkdhI4YAYNrBtWgnx06AR+OLmJ5/6wAcjJPE7Zief+sANO6gZ1qff97BQThJdH4HvIBV8+u4+hGm5986AJPuEABsxBAATDtosg6omof7bt86AE3XAfko3Hf71gFo2sGktx8CMAQA23QwBADT9kdiE9q2fwjT9r0H4FBswh1Y134VXHn5j5Vcgj9htG8awM4D8DzeifcUeBd+iFXtH8T78AhcE+vYHm9B27dOibUNQFd+jcfgGljKBXjc8h/LGccAvIqb4UJYe+bfYsYtAG/hJjgyug7ANWgfpfrMR9tv0ed5LvbAK9Gx4VY8HlfFVnQdgKYZpdsw2i6zoALviAfwY8wHzbOwFV0HYKHtX5r+NJsd8H38DrfADdE7Jb7PzVAr+g7A42i7Q6Y//Rcv9j30+OEWzHAYfoDv4O4WtKHvAJyIl6MLnpzY6r6BK1mQ4Gg/3/qgiL4DMBc74x9on5dZsKIY1wCYGYo+W9/mdXQdgC7eKzi1vY329zmujyuMrgNQ8l7hVKzD0f53tL9nLeiAfAz5h64DUOK5mLMnXoTn490Ydd+cKbsQL8Z9cTV01nADZIBuxrlWj9uhm6vXsHLKHHUA/kQHuBwv+jf8GdP6bnV/wTjmLvIVjAEydEW5OqY4dnyFab1ZjDoAn2HVDm8DdN5fF5/BqH8AOgZ4bD10YbQ3boOON19g1HV9EGyNP2AcU4M2i64DUJfXd6++F9axFn6K9vUlGpA6zsH4bh8J8Xl/Hb0r9kMfoSvQvcQsug5A298v2A2jr6csmIfN8Xu0/rsWwNn4CXrHzEvXAWjaPucUjL6utqCAJ9H6jhc+Fr4x3gWLGLcARGpLfWxKOBOt7zPupsnZophxCoDJT59d+/kVncJKcFaJdYPTZqMcwTgFwAXQj2g/boHzaa0On3/buRBrRH4Bo87rpxyI0Y9Z4VJ2xFg/fIMbYTH5BXSd12+Cz270Y4a3BKc8pzvzA9G20eYpD0Dk5fMcfpV1ef2q+ur32a4q6/swRj8ugEq4Cl0ZpuNAq0FwFDpv53O0C6AIpis45/cqNsYYG5wlrL/T9Kd/d5BmiooHwj4C8ATmeBGxvnfjku/eNkXvEFeHjvRugKx7GgY3YXyHG6si+vhtcW/bHJfJcdxMcY5jQtqH3ogp7ijT49ehY9JSPAEr8ffrnbpG6ZaY48nGiVflC8wdphd3A+Z41zyKaT11Sm38ymzUvIyerAugbS3IMGnqXeIAt78Fc7AOnoSXou8MGv8BRR9shfGK2+f8f8fJGLfrRPyPLRTnalNaOc+hF3/99KdFiqszU1teqKvHIJa/T2MnLzrGlfMwbnM9HfdBNz+PYVHyYpLxtXe6Xld3cGZvRsTU1N8UgruoWB5YuQAAAABJRU5ErkJggg==",4,,""
中国上市药品,医保大类,"",,406,,""
中国上市药品,合并剂型,"","data:image/jpeg;base64, iVBORw0KGgoAAAANSUhEUgAAAEAAAABACAYAAACqaXHeAAAAAXNSR0IArs4c6QAAAARnQU1BAACxjwv8YQUAAAAJcEhZcwAADsMAAA7DAcdvqGQAAAR/SURBVHhe7ZtpqG5TGICPeQoZUkIhEpJ/iigyZyrKfHFvKUTkhyEh0x9KIcqQefohQsQPGUJSSCRjIYQylHn2POeel2WdffZZ++x9v/19x37q6Z5v7bXWt/d7917Du8+ZGhgYGBgYGBhIOAPvX0Tuio14BP9aRC7BRtyLVR1NqkdhI4YAYNrBtWgnx06AR+OLmJ5/6wAcjJPE7Zief+sANO6gZ1qff97BQThJdH4HvIBV8+u4+hGm5986AJPuEABsxBAATDtosg6omof7bt86AE3XAfko3Hf71gFo2sGktx8CMAQA23QwBADT9kdiE9q2fwjT9r0H4FBswh1Y134VXHn5j5Vcgj9htG8awM4D8DzeifcUeBd+iFXtH8T78AhcE+vYHm9B27dOibUNQFd+jcfgGljKBXjc8h/LGccAvIqb4UJYe+bfYsYtAG/hJjgyug7ANWgfpfrMR9tv0ed5LvbAK9Gx4VY8HlfFVnQdgKYZpdsw2i6zoALviAfwY8wHzbOwFV0HYKHtX5r+NJsd8H38DrfADdE7Jb7PzVAr+g7A42i7Q6Y//Rcv9j30+OEWzHAYfoDv4O4WtKHvAJyIl6MLnpzY6r6BK1mQ4Gg/3/qgiL4DMBc74x9on5dZsKIY1wCYGYo+W9/mdXQdgC7eKzi1vY329zmujyuMrgNQ8l7hVKzD0f53tL9nLeiAfAz5h64DUOK5mLMnXoTn490Ydd+cKbsQL8Z9cTV01nADZIBuxrlWj9uhm6vXsHLKHHUA/kQHuBwv+jf8GdP6bnV/wTjmLvIVjAEydEW5OqY4dnyFab1ZjDoAn2HVDm8DdN5fF5/BqH8AOgZ4bD10YbQ3boOON19g1HV9EGyNP2AcU4M2i64DUJfXd6++F9axFn6K9vUlGpA6zsH4bh8J8Xl/Hb0r9kMfoSvQvcQsug5A298v2A2jr6csmIfN8Xu0/rsWwNn4CXrHzEvXAWjaPucUjL6utqCAJ9H6jhc+Fr4x3gWLGLcARGpLfWxKOBOt7zPupsnZophxCoDJT59d+/kVncJKcFaJdYPTZqMcwTgFwAXQj2g/boHzaa0On3/buRBrRH4Bo87rpxyI0Y9Z4VJ2xFg/fIMbYTH5BXSd12+Cz270Y4a3BKc8pzvzA9G20eYpD0Dk5fMcfpV1ef2q+ur32a4q6/swRj8ugEq4Cl0ZpuNAq0FwFDpv53O0C6AIpis45/cqNsYYG5wlrL/T9Kd/d5BmiooHwj4C8ATmeBGxvnfjku/eNkXvEFeHjvRugKx7GgY3YXyHG6si+vhtcW/bHJfJcdxMcY5jQtqH3ogp7ijT49ehY9JSPAEr8ffrnbpG6ZaY48nGiVflC8wdphd3A+Z41zyKaT11Sm38ymzUvIyerAugbS3IMGnqXeIAt78Fc7AOnoSXou8MGv8BRR9shfGK2+f8f8fJGLfrRPyPLRTnalNaOc+hF3/99KdFiqszU1teqKvHIJa/T2MnLzrGlfMwbnM9HfdBNz+PYVHyYpLxtXe6Xld3cGZvRsTU1N8UgruoWB5YuQAAAABJRU5ErkJggg==",23,,""
中国上市药品,品种,"","data:image/jpeg;base64, iVBORw0KGgoAAAANSUhEUgAAAEAAAABACAYAAACqaXHeAAAAAXNSR0IArs4c6QAAAARnQU1BAACxjwv8YQUAAAAJcEhZcwAADsMAAA7DAcdvqGQAAAR/SURBVHhe7ZtpqG5TGICPeQoZUkIhEpJ/iigyZyrKfHFvKUTkhyEh0x9KIcqQefohQsQPGUJSSCRjIYQylHn2POeel2WdffZZ++x9v/19x37q6Z5v7bXWt/d7917Du8+ZGhgYGBgYGBhIOAPvX0Tuio14BP9aRC7BRtyLVR1NqkdhI4YAYNrBtWgnx06AR+OLmJ5/6wAcjJPE7Zief+sANO6gZ1qff97BQThJdH4HvIBV8+u4+hGm5986AJPuEABsxBAATDtosg6omof7bt86AE3XAfko3Hf71gFo2sGktx8CMAQA23QwBADT9kdiE9q2fwjT9r0H4FBswh1Y134VXHn5j5Vcgj9htG8awM4D8DzeifcUeBd+iFXtH8T78AhcE+vYHm9B27dOibUNQFd+jcfgGljKBXjc8h/LGccAvIqb4UJYe+bfYsYtAG/hJjgyug7ANWgfpfrMR9tv0ed5LvbAK9Gx4VY8HlfFVnQdgKYZpdsw2i6zoALviAfwY8wHzbOwFV0HYKHtX5r+NJsd8H38DrfADdE7Jb7PzVAr+g7A42i7Q6Y//Rcv9j30+OEWzHAYfoDv4O4WtKHvAJyIl6MLnpzY6r6BK1mQ4Gg/3/qgiL4DMBc74x9on5dZsKIY1wCYGYo+W9/mdXQdgC7eKzi1vY329zmujyuMrgNQ8l7hVKzD0f53tL9nLeiAfAz5h64DUOK5mLMnXoTn490Ydd+cKbsQL8Z9cTV01nADZIBuxrlWj9uhm6vXsHLKHHUA/kQHuBwv+jf8GdP6bnV/wTjmLvIVjAEydEW5OqY4dnyFab1ZjDoAn2HVDm8DdN5fF5/BqH8AOgZ4bD10YbQ3boOON19g1HV9EGyNP2AcU4M2i64DUJfXd6++F9axFn6K9vUlGpA6zsH4bh8J8Xl/Hb0r9kMfoSvQvcQsug5A298v2A2jr6csmIfN8Xu0/rsWwNn4CXrHzEvXAWjaPucUjL6utqCAJ9H6jhc+Fr4x3gWLGLcARGpLfWxKOBOt7zPupsnZophxCoDJT59d+/kVncJKcFaJdYPTZqMcwTgFwAXQj2g/boHzaa0On3/buRBrRH4Bo87rpxyI0Y9Z4VJ2xFg/fIMbYTH5BXSd12+Cz270Y4a3BKc8pzvzA9G20eYpD0Dk5fMcfpV1ef2q+ur32a4q6/swRj8ugEq4Cl0ZpuNAq0FwFDpv53O0C6AIpis45/cqNsYYG5wlrL/T9Kd/d5BmiooHwj4C8ATmeBGxvnfjku/eNkXvEFeHjvRugKx7GgY3YXyHG6si+vhtcW/bHJfJcdxMcY5jQtqH3ogp7ijT49ehY9JSPAEr8ffrnbpG6ZaY48nGiVflC8wdphd3A+Z41zyKaT11Sm38ymzUvIyerAugbS3IMGnqXeIAt78Fc7AOnoSXou8MGv8BRR9shfGK2+f8f8fJGLfrRPyPLRTnalNaOc+hF3/99KdFiqszU1teqKvHIJa/T2MnLzrGlfMwbnM9HfdBNz+PYVHyYpLxtXe6Xld3cGZvRsTU1N8UgruoWB5YuQAAAABJRU5ErkJggg==",14097,,""
中国上市药品,商品名,"",,11974,,""
中国上市药品,商品名sku,"",,184169,,""
中国上市药品,商品名SKU2,"","data:image/jpeg;base64, iVBORw0KGgoAAAANSUhEUgAAAEAAAABACAYAAACqaXHeAAAAAXNSR0IArs4c6QAAAARnQU1BAACxjwv8YQUAAAAJcEhZcwAADsMAAA7DAcdvqGQAAAR/SURBVHhe7ZtpqG5TGICPeQoZUkIhEpJ/iigyZyrKfHFvKUTkhyEh0x9KIcqQefohQsQPGUJSSCRjIYQylHn2POeel2WdffZZ++x9v/19x37q6Z5v7bXWt/d7917Du8+ZGhgYGBgYGBhIOAPvX0Tuio14BP9aRC7BRtyLVR1NqkdhI4YAYNrBtWgnx06AR+OLmJ5/6wAcjJPE7Zief+sANO6gZ1qff97BQThJdH4HvIBV8+u4+hGm5986AJPuEABsxBAATDtosg6omof7bt86AE3XAfko3Hf71gFo2sGktx8CMAQA23QwBADT9kdiE9q2fwjT9r0H4FBswh1Y134VXHn5j5Vcgj9htG8awM4D8DzeifcUeBd+iFXtH8T78AhcE+vYHm9B27dOibUNQFd+jcfgGljKBXjc8h/LGccAvIqb4UJYe+bfYsYtAG/hJjgyug7ANWgfpfrMR9tv0ed5LvbAK9Gx4VY8HlfFVnQdgKYZpdsw2i6zoALviAfwY8wHzbOwFV0HYKHtX5r+NJsd8H38DrfADdE7Jb7PzVAr+g7A42i7Q6Y//Rcv9j30+OEWzHAYfoDv4O4WtKHvAJyIl6MLnpzY6r6BK1mQ4Gg/3/qgiL4DMBc74x9on5dZsKIY1wCYGYo+W9/mdXQdgC7eKzi1vY329zmujyuMrgNQ8l7hVKzD0f53tL9nLeiAfAz5h64DUOK5mLMnXoTn490Ydd+cKbsQL8Z9cTV01nADZIBuxrlWj9uhm6vXsHLKHHUA/kQHuBwv+jf8GdP6bnV/wTjmLvIVjAEydEW5OqY4dnyFab1ZjDoAn2HVDm8DdN5fF5/BqH8AOgZ4bD10YbQ3boOON19g1HV9EGyNP2AcU4M2i64DUJfXd6++F9axFn6K9vUlGpA6zsH4bh8J8Xl/Hb0r9kMfoSvQvcQsug5A298v2A2jr6csmIfN8Xu0/rsWwNn4CXrHzEvXAWjaPucUjL6utqCAJ9H6jhc+Fr4x3gWLGLcARGpLfWxKOBOt7zPupsnZophxCoDJT59d+/kVncJKcFaJdYPTZqMcwTgFwAXQj2g/boHzaa0On3/buRBrRH4Bo87rpxyI0Y9Z4VJ2xFg/fIMbYTH5BXSd12+Cz270Y4a3BKc8pzvzA9G20eYpD0Dk5fMcfpV1ef2q+ur32a4q6/swRj8ugEq4Cl0ZpuNAq0FwFDpv53O0C6AIpis45/cqNsYYG5wlrL/T9Kd/d5BmiooHwj4C8ATmeBGxvnfjku/eNkXvEFeHjvRugKx7GgY3YXyHG6si+vhtcW/bHJfJcdxMcY5jQtqH3ogp7ijT49ehY9JSPAEr8ffrnbpG6ZaY48nGiVflC8wdphd3A+Z41zyKaT11Sm38ymzUvIyerAugbS3IMGnqXeIAt78Fc7AOnoSXou8MGv8BRR9shfGK2+f8f8fJGLfrRPyPLRTnalNaOc+hF3/99KdFiqszU1teqKvHIJa/T2MnLzrGlfMwbnM9HfdBNz+PYVHyYpLxtXe6Xld3cGZvRsTU1N8UgruoWB5YuQAAAABJRU5ErkJggg==",129444,,""
中国上市药品,商品名-企业,"",,139222,,""
中国上市药品,国采首批,"",,2,,0
中国上市药品,国采首轮中选,"",,2,,0
中国上市药品,基药,"",,3,,""
中国上市药品,成分名,"",,10126,,""
中国上市药品,是否进过集采,"",,2,,0
中国上市药品,治疗小类,"","data:image/jpeg;base64, iVBORw0KGgoAAAANSUhEUgAAAEAAAABACAYAAACqaXHeAAAAAXNSR0IArs4c6QAAAARnQU1BAACxjwv8YQUAAAAJcEhZcwAADsMAAA7DAcdvqGQAAAR/SURBVHhe7ZtpqG5TGICPeQoZUkIhEpJ/iigyZyrKfHFvKUTkhyEh0x9KIcqQefohQsQPGUJSSCRjIYQylHn2POeel2WdffZZ++x9v/19x37q6Z5v7bXWt/d7917Du8+ZGhgYGBgYGBhIOAPvX0Tuio14BP9aRC7BRtyLVR1NqkdhI4YAYNrBtWgnx06AR+OLmJ5/6wAcjJPE7Zief+sANO6gZ1qff97BQThJdH4HvIBV8+u4+hGm5986AJPuEABsxBAATDtosg6omof7bt86AE3XAfko3Hf71gFo2sGktx8CMAQA23QwBADT9kdiE9q2fwjT9r0H4FBswh1Y134VXHn5j5Vcgj9htG8awM4D8DzeifcUeBd+iFXtH8T78AhcE+vYHm9B27dOibUNQFd+jcfgGljKBXjc8h/LGccAvIqb4UJYe+bfYsYtAG/hJjgyug7ANWgfpfrMR9tv0ed5LvbAK9Gx4VY8HlfFVnQdgKYZpdsw2i6zoALviAfwY8wHzbOwFV0HYKHtX5r+NJsd8H38DrfADdE7Jb7PzVAr+g7A42i7Q6Y//Rcv9j30+OEWzHAYfoDv4O4WtKHvAJyIl6MLnpzY6r6BK1mQ4Gg/3/qgiL4DMBc74x9on5dZsKIY1wCYGYo+W9/mdXQdgC7eKzi1vY329zmujyuMrgNQ8l7hVKzD0f53tL9nLeiAfAz5h64DUOK5mLMnXoTn490Ydd+cKbsQL8Z9cTV01nADZIBuxrlWj9uhm6vXsHLKHHUA/kQHuBwv+jf8GdP6bnV/wTjmLvIVjAEydEW5OqY4dnyFab1ZjDoAn2HVDm8DdN5fF5/BqH8AOgZ4bD10YbQ3boOON19g1HV9EGyNP2AcU4M2i64DUJfXd6++F9axFn6K9vUlGpA6zsH4bh8J8Xl/Hb0r9kMfoSvQvcQsug5A298v2A2jr6csmIfN8Xu0/rsWwNn4CXrHzEvXAWjaPucUjL6utqCAJ9H6jhc+Fr4x3gWLGLcARGpLfWxKOBOt7zPupsnZophxCoDJT59d+/kVncJKcFaJdYPTZqMcwTgFwAXQj2g/boHzaa0On3/buRBrRH4Bo87rpxyI0Y9Z4VJ2xFg/fIMbYTH5BXSd12+Cz270Y4a3BKc8pzvzA9G20eYpD0Dk5fMcfpV1ef2q+ur32a4q6/swRj8ugEq4Cl0ZpuNAq0FwFDpv53O0C6AIpis45/cqNsYYG5wlrL/T9Kd/d5BmiooHwj4C8ATmeBGxvnfjku/eNkXvEFeHjvRugKx7GgY3YXyHG6si+vhtcW/bHJfJcdxMcY5jQtqH3ogp7ijT49ehY9JSPAEr8ffrnbpG6ZaY48nGiVflC8wdphd3A+Z41zyKaT11Sm38ymzUvIyerAugbS3IMGnqXeIAt78Fc7AOnoSXou8MGv8BRR9shfGK2+f8f8fJGLfrRPyPLRTnalNaOc+hF3/99KdFiqszU1teqKvHIJa/T2MnLzrGlfMwbnM9HfdBNz+PYVHyYpLxtXe6Xld3cGZvRsTU1N8UgruoWB5YuQAAAABJRU5ErkJggg==",558,,""
中国上市药品,生产企业,"",,5938,,""
中国上市药品,研究类型,"",,7,,""
中国上市药品,药品分类,"",,8,,""
中国上市药品,药品名称,"",,17387,,""
中国上市药品,药品名称N,"",,988,,""
中国上市药品,药品名称N.1,"",,324,,""
中国上市药品,药品索引,"",,188059,,0
中国上市药品,规格,"",,8582,,""
中国上市药品,规格mg,"",,1091,,""
中国上市药品,转换系数,"","data:image/jpeg;base64, iVBORw0KGgoAAAANSUhEUgAAAEAAAABACAYAAACqaXHeAAAAAXNSR0IArs4c6QAAAARnQU1BAACxjwv8YQUAAAAJcEhZcwAADsMAAA7DAcdvqGQAAAR/SURBVHhe7ZtpqG5TGICPeQoZUkIhEpJ/iigyZyrKfHFvKUTkhyEh0x9KIcqQefohQsQPGUJSSCRjIYQylHn2POeel2WdffZZ++x9v/19x37q6Z5v7bXWt/d7917Du8+ZGhgYGBgYGBhIOAPvX0Tuio14BP9aRC7BRtyLVR1NqkdhI4YAYNrBtWgnx06AR+OLmJ5/6wAcjJPE7Zief+sANO6gZ1qff97BQThJdH4HvIBV8+u4+hGm5986AJPuEABsxBAATDtosg6omof7bt86AE3XAfko3Hf71gFo2sGktx8CMAQA23QwBADT9kdiE9q2fwjT9r0H4FBswh1Y134VXHn5j5Vcgj9htG8awM4D8DzeifcUeBd+iFXtH8T78AhcE+vYHm9B27dOibUNQFd+jcfgGljKBXjc8h/LGccAvIqb4UJYe+bfYsYtAG/hJjgyug7ANWgfpfrMR9tv0ed5LvbAK9Gx4VY8HlfFVnQdgKYZpdsw2i6zoALviAfwY8wHzbOwFV0HYKHtX5r+NJsd8H38DrfADdE7Jb7PzVAr+g7A42i7Q6Y//Rcv9j30+OEWzHAYfoDv4O4WtKHvAJyIl6MLnpzY6r6BK1mQ4Gg/3/qgiL4DMBc74x9on5dZsKIY1wCYGYo+W9/mdXQdgC7eKzi1vY329zmujyuMrgNQ8l7hVKzD0f53tL9nLeiAfAz5h64DUOK5mLMnXoTn490Ydd+cKbsQL8Z9cTV01nADZIBuxrlWj9uhm6vXsHLKHHUA/kQHuBwv+jf8GdP6bnV/wTjmLvIVjAEydEW5OqY4dnyFab1ZjDoAn2HVDm8DdN5fF5/BqH8AOgZ4bD10YbQ3boOON19g1HV9EGyNP2AcU4M2i64DUJfXd6++F9axFn6K9vUlGpA6zsH4bh8J8Xl/Hb0r9kMfoSvQvcQsug5A298v2A2jr6csmIfN8Xu0/rsWwNn4CXrHzEvXAWjaPucUjL6utqCAJ9H6jhc+Fr4x3gWLGLcARGpLfWxKOBOt7zPupsnZophxCoDJT59d+/kVncJKcFaJdYPTZqMcwTgFwAXQj2g/boHzaa0On3/buRBrRH4Bo87rpxyI0Y9Z4VJ2xFg/fIMbYTH5BXSd12+Cz270Y4a3BKc8pzvzA9G20eYpD0Dk5fMcfpV1ef2q+ur32a4q6/swRj8ugEq4Cl0ZpuNAq0FwFDpv53O0C6AIpis45/cqNsYYG5wlrL/T9Kd/d5BmiooHwj4C8ATmeBGxvnfjku/eNkXvEFeHjvRugKx7GgY3YXyHG6si+vhtcW/bHJfJcdxMcY5jQtqH3ogp7ijT49ehY9JSPAEr8ffrnbpG6ZaY48nGiVflC8wdphd3A+Z41zyKaT11Sm38ymzUvIyerAugbS3IMGnqXeIAt78Fc7AOnoSXou8MGv8BRR9shfGK2+f8f8fJGLfrRPyPLRTnalNaOc+hF3/99KdFiqszU1teqKvHIJa/T2MnLzrGlfMwbnM9HfdBNz+PYVHyYpLxtXe6Xld3cGZvRsTU1N8UgruoWB5YuQAAAABJRU5ErkJggg==",1391,,""
中国上市药品,通用名,"",,10690,,""
中国上市药品,集团名称,"","data:image/jpeg;base64, iVBORw0KGgoAAAANSUhEUgAAAEAAAABACAYAAACqaXHeAAAAAXNSR0IArs4c6QAAAARnQU1BAACxjwv8YQUAAAAJcEhZcwAADsMAAA7DAcdvqGQAAAR/SURBVHhe7ZtpqG5TGICPeQoZUkIhEpJ/iigyZyrKfHFvKUTkhyEh0x9KIcqQefohQsQPGUJSSCRjIYQylHn2POeel2WdffZZ++x9v/19x37q6Z5v7bXWt/d7917Du8+ZGhgYGBgYGBhIOAPvX0Tuio14BP9aRC7BRtyLVR1NqkdhI4YAYNrBtWgnx06AR+OLmJ5/6wAcjJPE7Zief+sANO6gZ1qff97BQThJdH4HvIBV8+u4+hGm5986AJPuEABsxBAATDtosg6omof7bt86AE3XAfko3Hf71gFo2sGktx8CMAQA23QwBADT9kdiE9q2fwjT9r0H4FBswh1Y134VXHn5j5Vcgj9htG8awM4D8DzeifcUeBd+iFXtH8T78AhcE+vYHm9B27dOibUNQFd+jcfgGljKBXjc8h/LGccAvIqb4UJYe+bfYsYtAG/hJjgyug7ANWgfpfrMR9tv0ed5LvbAK9Gx4VY8HlfFVnQdgKYZpdsw2i6zoALviAfwY8wHzbOwFV0HYKHtX5r+NJsd8H38DrfADdE7Jb7PzVAr+g7A42i7Q6Y//Rcv9j30+OEWzHAYfoDv4O4WtKHvAJyIl6MLnpzY6r6BK1mQ4Gg/3/qgiL4DMBc74x9on5dZsKIY1wCYGYo+W9/mdXQdgC7eKzi1vY329zmujyuMrgNQ8l7hVKzD0f53tL9nLeiAfAz5h64DUOK5mLMnXoTn490Ydd+cKbsQL8Z9cTV01nADZIBuxrlWj9uhm6vXsHLKHHUA/kQHuBwv+jf8GdP6bnV/wTjmLvIVjAEydEW5OqY4dnyFab1ZjDoAn2HVDm8DdN5fF5/BqH8AOgZ4bD10YbQ3boOON19g1HV9EGyNP2AcU4M2i64DUJfXd6++F9axFn6K9vUlGpA6zsH4bh8J8Xl/Hb0r9kMfoSvQvcQsug5A298v2A2jr6csmIfN8Xu0/rsWwNn4CXrHzEvXAWjaPucUjL6utqCAJ9H6jhc+Fr4x3gWLGLcARGpLfWxKOBOt7zPupsnZophxCoDJT59d+/kVncJKcFaJdYPTZqMcwTgFwAXQj2g/boHzaa0On3/buRBrRH4Bo87rpxyI0Y9Z4VJ2xFg/fIMbYTH5BXSd12+Cz270Y4a3BKc8pzvzA9G20eYpD0Dk5fMcfpV1ef2q+ur32a4q6/swRj8ugEq4Cl0ZpuNAq0FwFDpv53O0C6AIpis45/cqNsYYG5wlrL/T9Kd/d5BmiooHwj4C8ATmeBGxvnfjku/eNkXvEFeHjvRugKx7GgY3YXyHG6si+vhtcW/bHJfJcdxMcY5jQtqH3ogp7ijT49ehY9JSPAEr8ffrnbpG6ZaY48nGiVflC8wdphd3A+Z41zyKaT11Sm38ymzUvIyerAugbS3IMGnqXeIAt78Fc7AOnoSXou8MGv8BRR9shfGK2+f8f8fJGLfrRPyPLRTnalNaOc+hF3/99KdFiqszU1teqKvHIJa/T2MnLzrGlfMwbnM9HfdBNz+PYVHyYpLxtXe6Xld3cGZvRsTU1N8UgruoWB5YuQAAAABJRU5ErkJggg==",5402,,""
中国上市药品,集团名称New,"",,4922,,""
中国上市药品,集采标签,"","data:image/jpeg;base64, iVBORw0KGgoAAAANSUhEUgAAAEAAAABACAYAAACqaXHeAAAAAXNSR0IArs4c6QAAAARnQU1BAACxjwv8YQUAAAAJcEhZcwAADsMAAA7DAcdvqGQAAAR/SURBVHhe7ZtpqG5TGICPeQoZUkIhEpJ/iigyZyrKfHFvKUTkhyEh0x9KIcqQefohQsQPGUJSSCRjIYQylHn2POeel2WdffZZ++x9v/19x37q6Z5v7bXWt/d7917Du8+ZGhgYGBgYGBhIOAPvX0Tuio14BP9aRC7BRtyLVR1NqkdhI4YAYNrBtWgnx06AR+OLmJ5/6wAcjJPE7Zief+sANO6gZ1qff97BQThJdH4HvIBV8+u4+hGm5986AJPuEABsxBAATDtosg6omof7bt86AE3XAfko3Hf71gFo2sGktx8CMAQA23QwBADT9kdiE9q2fwjT9r0H4FBswh1Y134VXHn5j5Vcgj9htG8awM4D8DzeifcUeBd+iFXtH8T78AhcE+vYHm9B27dOibUNQFd+jcfgGljKBXjc8h/LGccAvIqb4UJYe+bfYsYtAG/hJjgyug7ANWgfpfrMR9tv0ed5LvbAK9Gx4VY8HlfFVnQdgKYZpdsw2i6zoALviAfwY8wHzbOwFV0HYKHtX5r+NJsd8H38DrfADdE7Jb7PzVAr+g7A42i7Q6Y//Rcv9j30+OEWzHAYfoDv4O4WtKHvAJyIl6MLnpzY6r6BK1mQ4Gg/3/qgiL4DMBc74x9on5dZsKIY1wCYGYo+W9/mdXQdgC7eKzi1vY329zmujyuMrgNQ8l7hVKzD0f53tL9nLeiAfAz5h64DUOK5mLMnXoTn490Ydd+cKbsQL8Z9cTV01nADZIBuxrlWj9uhm6vXsHLKHHUA/kQHuBwv+jf8GdP6bnV/wTjmLvIVjAEydEW5OqY4dnyFab1ZjDoAn2HVDm8DdN5fF5/BqH8AOgZ4bD10YbQ3boOON19g1HV9EGyNP2AcU4M2i64DUJfXd6++F9axFn6K9vUlGpA6zsH4bh8J8Xl/Hb0r9kMfoSvQvcQsug5A298v2A2jr6csmIfN8Xu0/rsWwNn4CXrHzEvXAWjaPucUjL6utqCAJ9H6jhc+Fr4x3gWLGLcARGpLfWxKOBOt7zPupsnZophxCoDJT59d+/kVncJKcFaJdYPTZqMcwTgFwAXQj2g/boHzaa0On3/buRBrRH4Bo87rpxyI0Y9Z4VJ2xFg/fIMbYTH5BXSd12+Cz270Y4a3BKc8pzvzA9G20eYpD0Dk5fMcfpV1ef2q+ur32a4q6/swRj8ugEq4Cl0ZpuNAq0FwFDpv53O0C6AIpis45/cqNsYYG5wlrL/T9Kd/d5BmiooHwj4C8ATmeBGxvnfjku/eNkXvEFeHjvRugKx7GgY3YXyHG6si+vhtcW/bHJfJcdxMcY5jQtqH3ogp7ijT49ehY9JSPAEr8ffrnbpG6ZaY48nGiVflC8wdphd3A+Z41zyKaT11Sm38ymzUvIyerAugbS3IMGnqXeIAt78Fc7AOnoSXou8MGv8BRR9shfGK2+f8f8fJGLfrRPyPLRTnalNaOc+hF3/99KdFiqszU1teqKvHIJa/T2MnLzrGlfMwbnM9HfdBNz+PYVHyYpLxtXe6Xld3cGZvRsTU1N8UgruoWB5YuQAAAABJRU5ErkJggg==",9,,""
中国上市药品,集采结果,"","data:image/jpeg;base64, iVBORw0KGgoAAAANSUhEUgAAAEAAAABACAYAAACqaXHeAAAAAXNSR0IArs4c6QAAAARnQU1BAACxjwv8YQUAAAAJcEhZcwAADsMAAA7DAcdvqGQAAAR/SURBVHhe7ZtpqG5TGICPeQoZUkIhEpJ/iigyZyrKfHFvKUTkhyEh0x9KIcqQefohQsQPGUJSSCRjIYQylHn2POeel2WdffZZ++x9v/19x37q6Z5v7bXWt/d7917Du8+ZGhgYGBgYGBhIOAPvX0Tuio14BP9aRC7BRtyLVR1NqkdhI4YAYNrBtWgnx06AR+OLmJ5/6wAcjJPE7Zief+sANO6gZ1qff97BQThJdH4HvIBV8+u4+hGm5986AJPuEABsxBAATDtosg6omof7bt86AE3XAfko3Hf71gFo2sGktx8CMAQA23QwBADT9kdiE9q2fwjT9r0H4FBswh1Y134VXHn5j5Vcgj9htG8awM4D8DzeifcUeBd+iFXtH8T78AhcE+vYHm9B27dOibUNQFd+jcfgGljKBXjc8h/LGccAvIqb4UJYe+bfYsYtAG/hJjgyug7ANWgfpfrMR9tv0ed5LvbAK9Gx4VY8HlfFVnQdgKYZpdsw2i6zoALviAfwY8wHzbOwFV0HYKHtX5r+NJsd8H38DrfADdE7Jb7PzVAr+g7A42i7Q6Y//Rcv9j30+OEWzHAYfoDv4O4WtKHvAJyIl6MLnpzY6r6BK1mQ4Gg/3/qgiL4DMBc74x9on5dZsKIY1wCYGYo+W9/mdXQdgC7eKzi1vY329zmujyuMrgNQ8l7hVKzD0f53tL9nLeiAfAz5h64DUOK5mLMnXoTn490Ydd+cKbsQL8Z9cTV01nADZIBuxrlWj9uhm6vXsHLKHHUA/kQHuBwv+jf8GdP6bnV/wTjmLvIVjAEydEW5OqY4dnyFab1ZjDoAn2HVDm8DdN5fF5/BqH8AOgZ4bD10YbQ3boOON19g1HV9EGyNP2AcU4M2i64DUJfXd6++F9axFn6K9vUlGpA6zsH4bh8J8Xl/Hb0r9kMfoSvQvcQsug5A298v2A2jr6csmIfN8Xu0/rsWwNn4CXrHzEvXAWjaPucUjL6utqCAJ9H6jhc+Fr4x3gWLGLcARGpLfWxKOBOt7zPupsnZophxCoDJT59d+/kVncJKcFaJdYPTZqMcwTgFwAXQj2g/boHzaa0On3/buRBrRH4Bo87rpxyI0Y9Z4VJ2xFg/fIMbYTH5BXSd12+Cz270Y4a3BKc8pzvzA9G20eYpD0Dk5fMcfpV1ef2q+ur32a4q6/swRj8ugEq4Cl0ZpuNAq0FwFDpv53O0C6AIpis45/cqNsYYG5wlrL/T9Kd/d5BmiooHwj4C8ATmeBGxvnfjku/eNkXvEFeHjvRugKx7GgY3YXyHG6si+vhtcW/bHJfJcdxMcY5jQtqH3ogp7ijT49ehY9JSPAEr8ffrnbpG6ZaY48nGiVflC8wdphd3A+Z41zyKaT11Sm38ymzUvIyerAugbS3IMGnqXeIAt78Fc7AOnoSXou8MGv8BRR9shfGK2+f8f8fJGLfrRPyPLRTnalNaOc+hF3/99KdFiqszU1teqKvHIJa/T2MnLzrGlfMwbnM9HfdBNz+PYVHyYpLxtXe6Xld3cGZvRsTU1N8UgruoWB5YuQAAAABJRU5ErkJggg==",3,,""
中国上市药品,首次上市年代,"",,60,,""
中标数据,单位价格,"",,157502,,""
中标数据,发布时间,"",,2163,,Long Date
中标数据,地区,"",,44,,""
中标数据,失效时间,"","data:image/jpeg;base64, iVBORw0KGgoAAAANSUhEUgAAAEAAAABACAYAAACqaXHeAAAAAXNSR0IArs4c6QAAAARnQU1BAACxjwv8YQUAAAAJcEhZcwAADsMAAA7DAcdvqGQAAAR/SURBVHhe7ZtpqG5TGICPeQoZUkIhEpJ/iigyZyrKfHFvKUTkhyEh0x9KIcqQefohQsQPGUJSSCRjIYQylHn2POeel2WdffZZ++x9v/19x37q6Z5v7bXWt/d7917Du8+ZGhgYGBgYGBhIOAPvX0Tuio14BP9aRC7BRtyLVR1NqkdhI4YAYNrBtWgnx06AR+OLmJ5/6wAcjJPE7Zief+sANO6gZ1qff97BQThJdH4HvIBV8+u4+hGm5986AJPuEABsxBAATDtosg6omof7bt86AE3XAfko3Hf71gFo2sGktx8CMAQA23QwBADT9kdiE9q2fwjT9r0H4FBswh1Y134VXHn5j5Vcgj9htG8awM4D8DzeifcUeBd+iFXtH8T78AhcE+vYHm9B27dOibUNQFd+jcfgGljKBXjc8h/LGccAvIqb4UJYe+bfYsYtAG/hJjgyug7ANWgfpfrMR9tv0ed5LvbAK9Gx4VY8HlfFVnQdgKYZpdsw2i6zoALviAfwY8wHzbOwFV0HYKHtX5r+NJsd8H38DrfADdE7Jb7PzVAr+g7A42i7Q6Y//Rcv9j30+OEWzHAYfoDv4O4WtKHvAJyIl6MLnpzY6r6BK1mQ4Gg/3/qgiL4DMBc74x9on5dZsKIY1wCYGYo+W9/mdXQdgC7eKzi1vY329zmujyuMrgNQ8l7hVKzD0f53tL9nLeiAfAz5h64DUOK5mLMnXoTn490Ydd+cKbsQL8Z9cTV01nADZIBuxrlWj9uhm6vXsHLKHHUA/kQHuBwv+jf8GdP6bnV/wTjmLvIVjAEydEW5OqY4dnyFab1ZjDoAn2HVDm8DdN5fF5/BqH8AOgZ4bD10YbQ3boOON19g1HV9EGyNP2AcU4M2i64DUJfXd6++F9axFn6K9vUlGpA6zsH4bh8J8Xl/Hb0r9kMfoSvQvcQsug5A298v2A2jr6csmIfN8Xu0/rsWwNn4CXrHzEvXAWjaPucUjL6utqCAJ9H6jhc+Fr4x3gWLGLcARGpLfWxKOBOt7zPupsnZophxCoDJT59d+/kVncJKcFaJdYPTZqMcwTgFwAXQj2g/boHzaa0On3/buRBrRH4Bo87rpxyI0Y9Z4VJ2xFg/fIMbYTH5BXSd12+Cz270Y4a3BKc8pzvzA9G20eYpD0Dk5fMcfpV1ef2q+ur32a4q6/swRj8ugEq4Cl0ZpuNAq0FwFDpv53O0C6AIpis45/cqNsYYG5wlrL/T9Kd/d5BmiooHwj4C8ATmeBGxvnfjku/eNkXvEFeHjvRugKx7GgY3YXyHG6si+vhtcW/bHJfJcdxMcY5jQtqH3ogp7ijT49ehY9JSPAEr8ffrnbpG6ZaY48nGiVflC8wdphd3A+Z41zyKaT11Sm38ymzUvIyerAugbS3IMGnqXeIAt78Fc7AOnoSXou8MGv8BRR9shfGK2+f8f8fJGLfrRPyPLRTnalNaOc+hF3/99KdFiqszU1teqKvHIJa/T2MnLzrGlfMwbnM9HfdBNz+PYVHyYpLxtXe6Xld3cGZvRsTU1N8UgruoWB5YuQAAAABJRU5ErkJggg==",2040,,"yyyy""年""m""月""d""日"""
中标数据,药品索引,"",,86507,,0
中标数据,集团名,"","data:image/jpeg;base64, iVBORw0KGgoAAAANSUhEUgAAAEAAAABACAYAAACqaXHeAAAAAXNSR0IArs4c6QAAAARnQU1BAACxjwv8YQUAAAAJcEhZcwAADsMAAA7DAcdvqGQAAAR/SURBVHhe7ZtpqG5TGICPeQoZUkIhEpJ/iigyZyrKfHFvKUTkhyEh0x9KIcqQefohQsQPGUJSSCRjIYQylHn2POeel2WdffZZ++x9v/19x37q6Z5v7bXWt/d7917Du8+ZGhgYGBgYGBhIOAPvX0Tuio14BP9aRC7BRtyLVR1NqkdhI4YAYNrBtWgnx06AR+OLmJ5/6wAcjJPE7Zief+sANO6gZ1qff97BQThJdH4HvIBV8+u4+hGm5986AJPuEABsxBAATDtosg6omof7bt86AE3XAfko3Hf71gFo2sGktx8CMAQA23QwBADT9kdiE9q2fwjT9r0H4FBswh1Y134VXHn5j5Vcgj9htG8awM4D8DzeifcUeBd+iFXtH8T78AhcE+vYHm9B27dOibUNQFd+jcfgGljKBXjc8h/LGccAvIqb4UJYe+bfYsYtAG/hJjgyug7ANWgfpfrMR9tv0ed5LvbAK9Gx4VY8HlfFVnQdgKYZpdsw2i6zoALviAfwY8wHzbOwFV0HYKHtX5r+NJsd8H38DrfADdE7Jb7PzVAr+g7A42i7Q6Y//Rcv9j30+OEWzHAYfoDv4O4WtKHvAJyIl6MLnpzY6r6BK1mQ4Gg/3/qgiL4DMBc74x9on5dZsKIY1wCYGYo+W9/mdXQdgC7eKzi1vY329zmujyuMrgNQ8l7hVKzD0f53tL9nLeiAfAz5h64DUOK5mLMnXoTn490Ydd+cKbsQL8Z9cTV01nADZIBuxrlWj9uhm6vXsHLKHHUA/kQHuBwv+jf8GdP6bnV/wTjmLvIVjAEydEW5OqY4dnyFab1ZjDoAn2HVDm8DdN5fF5/BqH8AOgZ4bD10YbQ3boOON19g1HV9EGyNP2AcU4M2i64DUJfXd6++F9axFn6K9vUlGpA6zsH4bh8J8Xl/Hb0r9kMfoSvQvcQsug5A298v2A2jr6csmIfN8Xu0/rsWwNn4CXrHzEvXAWjaPucUjL6utqCAJ9H6jhc+Fr4x3gWLGLcARGpLfWxKOBOt7zPupsnZophxCoDJT59d+/kVncJKcFaJdYPTZqMcwTgFwAXQj2g/boHzaa0On3/buRBrRH4Bo87rpxyI0Y9Z4VJ2xFg/fIMbYTH5BXSd12+Cz270Y4a3BKc8pzvzA9G20eYpD0Dk5fMcfpV1ef2q+ur32a4q6/swRj8ugEq4Cl0ZpuNAq0FwFDpv53O0C6AIpis45/cqNsYYG5wlrL/T9Kd/d5BmiooHwj4C8ATmeBGxvnfjku/eNkXvEFeHjvRugKx7GgY3YXyHG6si+vhtcW/bHJfJcdxMcY5jQtqH3ogp7ijT49ehY9JSPAEr8ffrnbpG6ZaY48nGiVflC8wdphd3A+Z41zyKaT11Sm38ymzUvIyerAugbS3IMGnqXeIAt78Fc7AOnoSXou8MGv8BRR9shfGK2+f8f8fJGLfrRPyPLRTnalNaOc+hF3/99KdFiqszU1teqKvHIJa/T2MnLzrGlfMwbnM9HfdBNz+PYVHyYpLxtXe6Xld3cGZvRsTU1N8UgruoWB5YuQAAAABJRU5ErkJggg==",3532,,""
中标显示选择,值,"",,3,,0
中标显示选择,显示,"",,3,,""
产品码药品索引,drug_index,"",,43851,,0
产品码药品索引,ims_drug_index,"",,62352,,0
产品码药品索引,pack,"",,122,,""
剂型,二级剂型,"",,4,,""
剂型,剂型,"",,184,,""
医保中间表,医保大类,"",,433,,""
医保信息,医保大类,"",,433,,""
医保信息,药品名称,"",,6380,,""
医保小类,医保大类,"",,433,,""
医保小类,医保小类,"",,48,,""
国家医保谈判,医保谈判,"",,10,,""
国家医保谈判,药品名称,"",,307,,""
国家医保谈判,首年新增谈判时间,"",,6,,0
图例,中标分类,"",,5,,""
图例,代表意义,"",,5,,""
图例,目标,"",,1,,0
影响因素,因素,"",,2,,""
日期,ranks,"","data:image/jpeg;base64, iVBORw0KGgoAAAANSUhEUgAAAEAAAABACAYAAACqaXHeAAAAAXNSR0IArs4c6QAAAARnQU1BAACxjwv8YQUAAAAJcEhZcwAADsMAAA7DAcdvqGQAAAR/SURBVHhe7ZtpqG5TGICPeQoZUkIhEpJ/iigyZyrKfHFvKUTkhyEh0x9KIcqQefohQsQPGUJSSCRjIYQylHn2POeel2WdffZZ++x9v/19x37q6Z5v7bXWt/d7917Du8+ZGhgYGBgYGBhIOAPvX0Tuio14BP9aRC7BRtyLVR1NqkdhI4YAYNrBtWgnx06AR+OLmJ5/6wAcjJPE7Zief+sANO6gZ1qff97BQThJdH4HvIBV8+u4+hGm5986AJPuEABsxBAATDtosg6omof7bt86AE3XAfko3Hf71gFo2sGktx8CMAQA23QwBADT9kdiE9q2fwjT9r0H4FBswh1Y134VXHn5j5Vcgj9htG8awM4D8DzeifcUeBd+iFXtH8T78AhcE+vYHm9B27dOibUNQFd+jcfgGljKBXjc8h/LGccAvIqb4UJYe+bfYsYtAG/hJjgyug7ANWgfpfrMR9tv0ed5LvbAK9Gx4VY8HlfFVnQdgKYZpdsw2i6zoALviAfwY8wHzbOwFV0HYKHtX5r+NJsd8H38DrfADdE7Jb7PzVAr+g7A42i7Q6Y//Rcv9j30+OEWzHAYfoDv4O4WtKHvAJyIl6MLnpzY6r6BK1mQ4Gg/3/qgiL4DMBc74x9on5dZsKIY1wCYGYo+W9/mdXQdgC7eKzi1vY329zmujyuMrgNQ8l7hVKzD0f53tL9nLeiAfAz5h64DUOK5mLMnXoTn490Ydd+cKbsQL8Z9cTV01nADZIBuxrlWj9uhm6vXsHLKHHUA/kQHuBwv+jf8GdP6bnV/wTjmLvIVjAEydEW5OqY4dnyFab1ZjDoAn2HVDm8DdN5fF5/BqH8AOgZ4bD10YbQ3boOON19g1HV9EGyNP2AcU4M2i64DUJfXd6++F9axFn6K9vUlGpA6zsH4bh8J8Xl/Hb0r9kMfoSvQvcQsug5A298v2A2jr6csmIfN8Xu0/rsWwNn4CXrHzEvXAWjaPucUjL6utqCAJ9H6jhc+Fr4x3gWLGLcARGpLfWxKOBOt7zPupsnZophxCoDJT59d+/kVncJKcFaJdYPTZqMcwTgFwAXQj2g/boHzaa0On3/buRBrRH4Bo87rpxyI0Y9Z4VJ2xFg/fIMbYTH5BXSd12+Cz270Y4a3BKc8pzvzA9G20eYpD0Dk5fMcfpV1ef2q+ur32a4q6/swRj8ugEq4Cl0ZpuNAq0FwFDpv53O0C6AIpis45/cqNsYYG5wlrL/T9Kd/d5BmiooHwj4C8ATmeBGxvnfjku/eNkXvEFeHjvRugKx7GgY3YXyHG6si+vhtcW/bHJfJcdxMcY5jQtqH3ogp7ijT49ehY9JSPAEr8ffrnbpG6ZaY48nGiVflC8wdphd3A+Z41zyKaT11Sm38ymzUvIyerAugbS3IMGnqXeIAt78Fc7AOnoSXou8MGv8BRR9shfGK2+f8f8fJGLfrRPyPLRTnalNaOc+hF3/99KdFiqszU1teqKvHIJa/T2MnLzrGlfMwbnM9HfdBNz+PYVHyYpLxtXe6Xld3cGZvRsTU1N8UgruoWB5YuQAAAABJRU5ErkJggg==",30,,0
日期,季度,"","data:image/jpeg;base64, iVBORw0KGgoAAAANSUhEUgAAAEAAAABACAYAAACqaXHeAAAAAXNSR0IArs4c6QAAAARnQU1BAACxjwv8YQUAAAAJcEhZcwAADsMAAA7DAcdvqGQAAAR/SURBVHhe7ZtpqG5TGICPeQoZUkIhEpJ/iigyZyrKfHFvKUTkhyEh0x9KIcqQefohQsQPGUJSSCRjIYQylHn2POeel2WdffZZ++x9v/19x37q6Z5v7bXWt/d7917Du8+ZGhgYGBgYGBhIOAPvX0Tuio14BP9aRC7BRtyLVR1NqkdhI4YAYNrBtWgnx06AR+OLmJ5/6wAcjJPE7Zief+sANO6gZ1qff97BQThJdH4HvIBV8+u4+hGm5986AJPuEABsxBAATDtosg6omof7bt86AE3XAfko3Hf71gFo2sGktx8CMAQA23QwBADT9kdiE9q2fwjT9r0H4FBswh1Y134VXHn5j5Vcgj9htG8awM4D8DzeifcUeBd+iFXtH8T78AhcE+vYHm9B27dOibUNQFd+jcfgGljKBXjc8h/LGccAvIqb4UJYe+bfYsYtAG/hJjgyug7ANWgfpfrMR9tv0ed5LvbAK9Gx4VY8HlfFVnQdgKYZpdsw2i6zoALviAfwY8wHzbOwFV0HYKHtX5r+NJsd8H38DrfADdE7Jb7PzVAr+g7A42i7Q6Y//Rcv9j30+OEWzHAYfoDv4O4WtKHvAJyIl6MLnpzY6r6BK1mQ4Gg/3/qgiL4DMBc74x9on5dZsKIY1wCYGYo+W9/mdXQdgC7eKzi1vY329zmujyuMrgNQ8l7hVKzD0f53tL9nLeiAfAz5h64DUOK5mLMnXoTn490Ydd+cKbsQL8Z9cTV01nADZIBuxrlWj9uhm6vXsHLKHHUA/kQHuBwv+jf8GdP6bnV/wTjmLvIVjAEydEW5OqY4dnyFab1ZjDoAn2HVDm8DdN5fF5/BqH8AOgZ4bD10YbQ3boOON19g1HV9EGyNP2AcU4M2i64DUJfXd6++F9axFn6K9vUlGpA6zsH4bh8J8Xl/Hb0r9kMfoSvQvcQsug5A298v2A2jr6csmIfN8Xu0/rsWwNn4CXrHzEvXAWjaPucUjL6utqCAJ9H6jhc+Fr4x3gWLGLcARGpLfWxKOBOt7zPupsnZophxCoDJT59d+/kVncJKcFaJdYPTZqMcwTgFwAXQj2g/boHzaa0On3/buRBrRH4Bo87rpxyI0Y9Z4VJ2xFg/fIMbYTH5BXSd12+Cz270Y4a3BKc8pzvzA9G20eYpD0Dk5fMcfpV1ef2q+ur32a4q6/swRj8ugEq4Cl0ZpuNAq0FwFDpv53O0C6AIpis45/cqNsYYG5wlrL/T9Kd/d5BmiooHwj4C8ATmeBGxvnfjku/eNkXvEFeHjvRugKx7GgY3YXyHG6si+vhtcW/bHJfJcdxMcY5jQtqH3ogp7ijT49ehY9JSPAEr8ffrnbpG6ZaY48nGiVflC8wdphd3A+Z41zyKaT11Sm38ymzUvIyerAugbS3IMGnqXeIAt78Fc7AOnoSXou8MGv8BRR9shfGK2+f8f8fJGLfrRPyPLRTnalNaOc+hF3/99KdFiqszU1teqKvHIJa/T2MnLzrGlfMwbnM9HfdBNz+PYVHyYpLxtXe6Xld3cGZvRsTU1N8UgruoWB5YuQAAAABJRU5ErkJggg==",30,,""
日期,年,"","data:image/jpeg;base64, iVBORw0KGgoAAAANSUhEUgAAAEAAAABACAYAAACqaXHeAAAAAXNSR0IArs4c6QAAAARnQU1BAACxjwv8YQUAAAAJcEhZcwAADsMAAA7DAcdvqGQAAAR/SURBVHhe7ZtpqG5TGICPeQoZUkIhEpJ/iigyZyrKfHFvKUTkhyEh0x9KIcqQefohQsQPGUJSSCRjIYQylHn2POeel2WdffZZ++x9v/19x37q6Z5v7bXWt/d7917Du8+ZGhgYGBgYGBhIOAPvX0Tuio14BP9aRC7BRtyLVR1NqkdhI4YAYNrBtWgnx06AR+OLmJ5/6wAcjJPE7Zief+sANO6gZ1qff97BQThJdH4HvIBV8+u4+hGm5986AJPuEABsxBAATDtosg6omof7bt86AE3XAfko3Hf71gFo2sGktx8CMAQA23QwBADT9kdiE9q2fwjT9r0H4FBswh1Y134VXHn5j5Vcgj9htG8awM4D8DzeifcUeBd+iFXtH8T78AhcE+vYHm9B27dOibUNQFd+jcfgGljKBXjc8h/LGccAvIqb4UJYe+bfYsYtAG/hJjgyug7ANWgfpfrMR9tv0ed5LvbAK9Gx4VY8HlfFVnQdgKYZpdsw2i6zoALviAfwY8wHzbOwFV0HYKHtX5r+NJsd8H38DrfADdE7Jb7PzVAr+g7A42i7Q6Y//Rcv9j30+OEWzHAYfoDv4O4WtKHvAJyIl6MLnpzY6r6BK1mQ4Gg/3/qgiL4DMBc74x9on5dZsKIY1wCYGYo+W9/mdXQdgC7eKzi1vY329zmujyuMrgNQ8l7hVKzD0f53tL9nLeiAfAz5h64DUOK5mLMnXoTn490Ydd+cKbsQL8Z9cTV01nADZIBuxrlWj9uhm6vXsHLKHHUA/kQHuBwv+jf8GdP6bnV/wTjmLvIVjAEydEW5OqY4dnyFab1ZjDoAn2HVDm8DdN5fF5/BqH8AOgZ4bD10YbQ3boOON19g1HV9EGyNP2AcU4M2i64DUJfXd6++F9axFn6K9vUlGpA6zsH4bh8J8Xl/Hb0r9kMfoSvQvcQsug5A298v2A2jr6csmIfN8Xu0/rsWwNn4CXrHzEvXAWjaPucUjL6utqCAJ9H6jhc+Fr4x3gWLGLcARGpLfWxKOBOt7zPupsnZophxCoDJT59d+/kVncJKcFaJdYPTZqMcwTgFwAXQj2g/boHzaa0On3/buRBrRH4Bo87rpxyI0Y9Z4VJ2xFg/fIMbYTH5BXSd12+Cz270Y4a3BKc8pzvzA9G20eYpD0Dk5fMcfpV1ef2q+ur32a4q6/swRj8ugEq4Cl0ZpuNAq0FwFDpv53O0C6AIpis45/cqNsYYG5wlrL/T9Kd/d5BmiooHwj4C8ATmeBGxvnfjku/eNkXvEFeHjvRugKx7GgY3YXyHG6si+vhtcW/bHJfJcdxMcY5jQtqH3ogp7ijT49ehY9JSPAEr8ffrnbpG6ZaY48nGiVflC8wdphd3A+Z41zyKaT11Sm38ymzUvIyerAugbS3IMGnqXeIAt78Fc7AOnoSXou8MGv8BRR9shfGK2+f8f8fJGLfrRPyPLRTnalNaOc+hF3/99KdFiqszU1teqKvHIJa/T2MnLzrGlfMwbnM9HfdBNz+PYVHyYpLxtXe6Xld3cGZvRsTU1N8UgruoWB5YuQAAAABJRU5ErkJggg==",8,,0
日期,日期,"",,30,,yyyy-mm
日期维度表,orderby,"",,2,,0
日期维度表,年,"",,38,orderby,""
日期维度表,类别名称,"",,2,,""
时间指标,值,"",,3,,0
时间指标,值意义,"",,3,值,""
样本/放大,参数,"",,2,,0
样本/放大,样本/放大,"",,2,,""
样本销售,API量,"","data:image/jpeg;base64, iVBORw0KGgoAAAANSUhEUgAAAEAAAABACAYAAACqaXHeAAAAAXNSR0IArs4c6QAAAARnQU1BAACxjwv8YQUAAAAJcEhZcwAADsMAAA7DAcdvqGQAAAR/SURBVHhe7ZtpqG5TGICPeQoZUkIhEpJ/iigyZyrKfHFvKUTkhyEh0x9KIcqQefohQsQPGUJSSCRjIYQylHn2POeel2WdffZZ++x9v/19x37q6Z5v7bXWt/d7917Du8+ZGhgYGBgYGBhIOAPvX0Tuio14BP9aRC7BRtyLVR1NqkdhI4YAYNrBtWgnx06AR+OLmJ5/6wAcjJPE7Zief+sANO6gZ1qff97BQThJdH4HvIBV8+u4+hGm5986AJPuEABsxBAATDtosg6omof7bt86AE3XAfko3Hf71gFo2sGktx8CMAQA23QwBADT9kdiE9q2fwjT9r0H4FBswh1Y134VXHn5j5Vcgj9htG8awM4D8DzeifcUeBd+iFXtH8T78AhcE+vYHm9B27dOibUNQFd+jcfgGljKBXjc8h/LGccAvIqb4UJYe+bfYsYtAG/hJjgyug7ANWgfpfrMR9tv0ed5LvbAK9Gx4VY8HlfFVnQdgKYZpdsw2i6zoALviAfwY8wHzbOwFV0HYKHtX5r+NJsd8H38DrfADdE7Jb7PzVAr+g7A42i7Q6Y//Rcv9j30+OEWzHAYfoDv4O4WtKHvAJyIl6MLnpzY6r6BK1mQ4Gg/3/qgiL4DMBc74x9on5dZsKIY1wCYGYo+W9/mdXQdgC7eKzi1vY329zmujyuMrgNQ8l7hVKzD0f53tL9nLeiAfAz5h64DUOK5mLMnXoTn490Ydd+cKbsQL8Z9cTV01nADZIBuxrlWj9uhm6vXsHLKHHUA/kQHuBwv+jf8GdP6bnV/wTjmLvIVjAEydEW5OqY4dnyFab1ZjDoAn2HVDm8DdN5fF5/BqH8AOgZ4bD10YbQ3boOON19g1HV9EGyNP2AcU4M2i64DUJfXd6++F9axFn6K9vUlGpA6zsH4bh8J8Xl/Hb0r9kMfoSvQvcQsug5A298v2A2jr6csmIfN8Xu0/rsWwNn4CXrHzEvXAWjaPucUjL6utqCAJ9H6jhc+Fr4x3gWLGLcARGpLfWxKOBOt7zPupsnZophxCoDJT59d+/kVncJKcFaJdYPTZqMcwTgFwAXQj2g/boHzaa0On3/buRBrRH4Bo87rpxyI0Y9Z4VJ2xFg/fIMbYTH5BXSd12+Cz270Y4a3BKc8pzvzA9G20eYpD0Dk5fMcfpV1ef2q+ur32a4q6/swRj8ugEq4Cl0ZpuNAq0FwFDpv53O0C6AIpis45/cqNsYYG5wlrL/T9Kd/d5BmiooHwj4C8ATmeBGxvnfjku/eNkXvEFeHjvRugKx7GgY3YXyHG6si+vhtcW/bHJfJcdxMcY5jQtqH3ogp7ijT49ehY9JSPAEr8ffrnbpG6ZaY48nGiVflC8wdphd3A+Z41zyKaT11Sm38ymzUvIyerAugbS3IMGnqXeIAt78Fc7AOnoSXou8MGv8BRR9shfGK2+f8f8fJGLfrRPyPLRTnalNaOc+hF3/99KdFiqszU1teqKvHIJa/T2MnLzrGlfMwbnM9HfdBNz+PYVHyYpLxtXe6Xld3cGZvRsTU1N8UgruoWB5YuQAAAABJRU5ErkJggg==",371416,,""
样本销售,Date,"",,18,,Long Date
样本销售,价格,"","data:image/jpeg;base64, iVBORw0KGgoAAAANSUhEUgAAAEAAAABACAYAAACqaXHeAAAAAXNSR0IArs4c6QAAAARnQU1BAACxjwv8YQUAAAAJcEhZcwAADsMAAA7DAcdvqGQAAAR/SURBVHhe7ZtpqG5TGICPeQoZUkIhEpJ/iigyZyrKfHFvKUTkhyEh0x9KIcqQefohQsQPGUJSSCRjIYQylHn2POeel2WdffZZ++x9v/19x37q6Z5v7bXWt/d7917Du8+ZGhgYGBgYGBhIOAPvX0Tuio14BP9aRC7BRtyLVR1NqkdhI4YAYNrBtWgnx06AR+OLmJ5/6wAcjJPE7Zief+sANO6gZ1qff97BQThJdH4HvIBV8+u4+hGm5986AJPuEABsxBAATDtosg6omof7bt86AE3XAfko3Hf71gFo2sGktx8CMAQA23QwBADT9kdiE9q2fwjT9r0H4FBswh1Y134VXHn5j5Vcgj9htG8awM4D8DzeifcUeBd+iFXtH8T78AhcE+vYHm9B27dOibUNQFd+jcfgGljKBXjc8h/LGccAvIqb4UJYe+bfYsYtAG/hJjgyug7ANWgfpfrMR9tv0ed5LvbAK9Gx4VY8HlfFVnQdgKYZpdsw2i6zoALviAfwY8wHzbOwFV0HYKHtX5r+NJsd8H38DrfADdE7Jb7PzVAr+g7A42i7Q6Y//Rcv9j30+OEWzHAYfoDv4O4WtKHvAJyIl6MLnpzY6r6BK1mQ4Gg/3/qgiL4DMBc74x9on5dZsKIY1wCYGYo+W9/mdXQdgC7eKzi1vY329zmujyuMrgNQ8l7hVKzD0f53tL9nLeiAfAz5h64DUOK5mLMnXoTn490Ydd+cKbsQL8Z9cTV01nADZIBuxrlWj9uhm6vXsHLKHHUA/kQHuBwv+jf8GdP6bnV/wTjmLvIVjAEydEW5OqY4dnyFab1ZjDoAn2HVDm8DdN5fF5/BqH8AOgZ4bD10YbQ3boOON19g1HV9EGyNP2AcU4M2i64DUJfXd6++F9axFn6K9vUlGpA6zsH4bh8J8Xl/Hb0r9kMfoSvQvcQsug5A298v2A2jr6csmIfN8Xu0/rsWwNn4CXrHzEvXAWjaPucUjL6utqCAJ9H6jhc+Fr4x3gWLGLcARGpLfWxKOBOt7zPupsnZophxCoDJT59d+/kVncJKcFaJdYPTZqMcwTgFwAXQj2g/boHzaa0On3/buRBrRH4Bo87rpxyI0Y9Z4VJ2xFg/fIMbYTH5BXSd12+Cz270Y4a3BKc8pzvzA9G20eYpD0Dk5fMcfpV1ef2q+ur32a4q6/swRj8ugEq4Cl0ZpuNAq0FwFDpv53O0C6AIpis45/cqNsYYG5wlrL/T9Kd/d5BmiooHwj4C8ATmeBGxvnfjku/eNkXvEFeHjvRugKx7GgY3YXyHG6si+vhtcW/bHJfJcdxMcY5jQtqH3ogp7ijT49ehY9JSPAEr8ffrnbpG6ZaY48nGiVflC8wdphd3A+Z41zyKaT11Sm38ymzUvIyerAugbS3IMGnqXeIAt78Fc7AOnoSXou8MGv8BRR9shfGK2+f8f8fJGLfrRPyPLRTnalNaOc+hF3/99KdFiqszU1teqKvHIJa/T2MnLzrGlfMwbnM9HfdBNz+PYVHyYpLxtXe6Xld3cGZvRsTU1N8UgruoWB5YuQAAAABJRU5ErkJggg==",1158921,,""
样本销售,数量,"",,199612,,0
样本销售,省,"",,31,,""
样本销售,药品索引,"",,24745,,0
样本销售,转换销售量,"","data:image/jpeg;base64, iVBORw0KGgoAAAANSUhEUgAAAEAAAABACAYAAACqaXHeAAAAAXNSR0IArs4c6QAAAARnQU1BAACxjwv8YQUAAAAJcEhZcwAADsMAAA7DAcdvqGQAAAR/SURBVHhe7ZtpqG5TGICPeQoZUkIhEpJ/iigyZyrKfHFvKUTkhyEh0x9KIcqQefohQsQPGUJSSCRjIYQylHn2POeel2WdffZZ++x9v/19x37q6Z5v7bXWt/d7917Du8+ZGhgYGBgYGBhIOAPvX0Tuio14BP9aRC7BRtyLVR1NqkdhI4YAYNrBtWgnx06AR+OLmJ5/6wAcjJPE7Zief+sANO6gZ1qff97BQThJdH4HvIBV8+u4+hGm5986AJPuEABsxBAATDtosg6omof7bt86AE3XAfko3Hf71gFo2sGktx8CMAQA23QwBADT9kdiE9q2fwjT9r0H4FBswh1Y134VXHn5j5Vcgj9htG8awM4D8DzeifcUeBd+iFXtH8T78AhcE+vYHm9B27dOibUNQFd+jcfgGljKBXjc8h/LGccAvIqb4UJYe+bfYsYtAG/hJjgyug7ANWgfpfrMR9tv0ed5LvbAK9Gx4VY8HlfFVnQdgKYZpdsw2i6zoALviAfwY8wHzbOwFV0HYKHtX5r+NJsd8H38DrfADdE7Jb7PzVAr+g7A42i7Q6Y//Rcv9j30+OEWzHAYfoDv4O4WtKHvAJyIl6MLnpzY6r6BK1mQ4Gg/3/qgiL4DMBc74x9on5dZsKIY1wCYGYo+W9/mdXQdgC7eKzi1vY329zmujyuMrgNQ8l7hVKzD0f53tL9nLeiAfAz5h64DUOK5mLMnXoTn490Ydd+cKbsQL8Z9cTV01nADZIBuxrlWj9uhm6vXsHLKHHUA/kQHuBwv+jf8GdP6bnV/wTjmLvIVjAEydEW5OqY4dnyFab1ZjDoAn2HVDm8DdN5fF5/BqH8AOgZ4bD10YbQ3boOON19g1HV9EGyNP2AcU4M2i64DUJfXd6++F9axFn6K9vUlGpA6zsH4bh8J8Xl/Hb0r9kMfoSvQvcQsug5A298v2A2jr6csmIfN8Xu0/rsWwNn4CXrHzEvXAWjaPucUjL6utqCAJ9H6jhc+Fr4x3gWLGLcARGpLfWxKOBOt7zPupsnZophxCoDJT59d+/kVncJKcFaJdYPTZqMcwTgFwAXQj2g/boHzaa0On3/buRBrRH4Bo87rpxyI0Y9Z4VJ2xFg/fIMbYTH5BXSd12+Cz270Y4a3BKc8pzvzA9G20eYpD0Dk5fMcfpV1ef2q+ur32a4q6/swRj8ugEq4Cl0ZpuNAq0FwFDpv53O0C6AIpis45/cqNsYYG5wlrL/T9Kd/d5BmiooHwj4C8ATmeBGxvnfjku/eNkXvEFeHjvRugKx7GgY3YXyHG6si+vhtcW/bHJfJcdxMcY5jQtqH3ogp7ijT49ehY9JSPAEr8ffrnbpG6ZaY48nGiVflC8wdphd3A+Z41zyKaT11Sm38ymzUvIyerAugbS3IMGnqXeIAt78Fc7AOnoSXou8MGv8BRR9shfGK2+f8f8fJGLfrRPyPLRTnalNaOc+hF3/99KdFiqszU1teqKvHIJa/T2MnLzrGlfMwbnM9HfdBNz+PYVHyYpLxtXe6Xld3cGZvRsTU1N8UgruoWB5YuQAAAABJRU5ErkJggg==",260491,,""
样本销售,金额,"",,700794,,"#,0"
省份,地区,"",,31,排序,""
省份,排序,"","data:image/jpeg;base64, iVBORw0KGgoAAAANSUhEUgAAAEAAAABACAYAAACqaXHeAAAAAXNSR0IArs4c6QAAAARnQU1BAACxjwv8YQUAAAAJcEhZcwAADsMAAA7DAcdvqGQAAAR/SURBVHhe7ZtpqG5TGICPeQoZUkIhEpJ/iigyZyrKfHFvKUTkhyEh0x9KIcqQefohQsQPGUJSSCRjIYQylHn2POeel2WdffZZ++x9v/19x37q6Z5v7bXWt/d7917Du8+ZGhgYGBgYGBhIOAPvX0Tuio14BP9aRC7BRtyLVR1NqkdhI4YAYNrBtWgnx06AR+OLmJ5/6wAcjJPE7Zief+sANO6gZ1qff97BQThJdH4HvIBV8+u4+hGm5986AJPuEABsxBAATDtosg6omof7bt86AE3XAfko3Hf71gFo2sGktx8CMAQA23QwBADT9kdiE9q2fwjT9r0H4FBswh1Y134VXHn5j5Vcgj9htG8awM4D8DzeifcUeBd+iFXtH8T78AhcE+vYHm9B27dOibUNQFd+jcfgGljKBXjc8h/LGccAvIqb4UJYe+bfYsYtAG/hJjgyug7ANWgfpfrMR9tv0ed5LvbAK9Gx4VY8HlfFVnQdgKYZpdsw2i6zoALviAfwY8wHzbOwFV0HYKHtX5r+NJsd8H38DrfADdE7Jb7PzVAr+g7A42i7Q6Y//Rcv9j30+OEWzHAYfoDv4O4WtKHvAJyIl6MLnpzY6r6BK1mQ4Gg/3/qgiL4DMBc74x9on5dZsKIY1wCYGYo+W9/mdXQdgC7eKzi1vY329zmujyuMrgNQ8l7hVKzD0f53tL9nLeiAfAz5h64DUOK5mLMnXoTn490Ydd+cKbsQL8Z9cTV01nADZIBuxrlWj9uhm6vXsHLKHHUA/kQHuBwv+jf8GdP6bnV/wTjmLvIVjAEydEW5OqY4dnyFab1ZjDoAn2HVDm8DdN5fF5/BqH8AOgZ4bD10YbQ3boOON19g1HV9EGyNP2AcU4M2i64DUJfXd6++F9axFn6K9vUlGpA6zsH4bh8J8Xl/Hb0r9kMfoSvQvcQsug5A298v2A2jr6csmIfN8Xu0/rsWwNn4CXrHzEvXAWjaPucUjL6utqCAJ9H6jhc+Fr4x3gWLGLcARGpLfWxKOBOt7zPupsnZophxCoDJT59d+/kVncJKcFaJdYPTZqMcwTgFwAXQj2g/boHzaa0On3/buRBrRH4Bo87rpxyI0Y9Z4VJ2xFg/fIMbYTH5BXSd12+Cz270Y4a3BKc8pzvzA9G20eYpD0Dk5fMcfpV1ef2q+ur32a4q6/swRj8ugEq4Cl0ZpuNAq0FwFDpv53O0C6AIpis45/cqNsYYG5wlrL/T9Kd/d5BmiooHwj4C8ATmeBGxvnfjku/eNkXvEFeHjvRugKx7GgY3YXyHG6si+vhtcW/bHJfJcdxMcY5jQtqH3ogp7ijT49ehY9JSPAEr8ffrnbpG6ZaY48nGiVflC8wdphd3A+Z41zyKaT11Sm38ymzUvIyerAugbS3IMGnqXeIAt78Fc7AOnoSXou8MGv8BRR9shfGK2+f8f8fJGLfrRPyPLRTnalNaOc+hF3/99KdFiqszU1teqKvHIJa/T2MnLzrGlfMwbnM9HfdBNz+PYVHyYpLxtXe6Xld3cGZvRsTU1N8UgruoWB5YuQAAAABJRU5ErkJggg==",31,,0
省份,省份,"",,31,,""
省份,销售,"",,31,,0
药品ATC,ATC1,"",,17,,""
药品ATC,ATC1中文,"",,17,,""
药品ATC,ATC1描述,"","data:image/jpeg;base64, iVBORw0KGgoAAAANSUhEUgAAAEAAAABACAYAAACqaXHeAAAAAXNSR0IArs4c6QAAAARnQU1BAACxjwv8YQUAAAAJcEhZcwAADsMAAA7DAcdvqGQAAAR/SURBVHhe7ZtpqG5TGICPeQoZUkIhEpJ/iigyZyrKfHFvKUTkhyEh0x9KIcqQefohQsQPGUJSSCRjIYQylHn2POeel2WdffZZ++x9v/19x37q6Z5v7bXWt/d7917Du8+ZGhgYGBgYGBhIOAPvX0Tuio14BP9aRC7BRtyLVR1NqkdhI4YAYNrBtWgnx06AR+OLmJ5/6wAcjJPE7Zief+sANO6gZ1qff97BQThJdH4HvIBV8+u4+hGm5986AJPuEABsxBAATDtosg6omof7bt86AE3XAfko3Hf71gFo2sGktx8CMAQA23QwBADT9kdiE9q2fwjT9r0H4FBswh1Y134VXHn5j5Vcgj9htG8awM4D8DzeifcUeBd+iFXtH8T78AhcE+vYHm9B27dOibUNQFd+jcfgGljKBXjc8h/LGccAvIqb4UJYe+bfYsYtAG/hJjgyug7ANWgfpfrMR9tv0ed5LvbAK9Gx4VY8HlfFVnQdgKYZpdsw2i6zoALviAfwY8wHzbOwFV0HYKHtX5r+NJsd8H38DrfADdE7Jb7PzVAr+g7A42i7Q6Y//Rcv9j30+OEWzHAYfoDv4O4WtKHvAJyIl6MLnpzY6r6BK1mQ4Gg/3/qgiL4DMBc74x9on5dZsKIY1wCYGYo+W9/mdXQdgC7eKzi1vY329zmujyuMrgNQ8l7hVKzD0f53tL9nLeiAfAz5h64DUOK5mLMnXoTn490Ydd+cKbsQL8Z9cTV01nADZIBuxrlWj9uhm6vXsHLKHHUA/kQHuBwv+jf8GdP6bnV/wTjmLvIVjAEydEW5OqY4dnyFab1ZjDoAn2HVDm8DdN5fF5/BqH8AOgZ4bD10YbQ3boOON19g1HV9EGyNP2AcU4M2i64DUJfXd6++F9axFn6K9vUlGpA6zsH4bh8J8Xl/Hb0r9kMfoSvQvcQsug5A298v2A2jr6csmIfN8Xu0/rsWwNn4CXrHzEvXAWjaPucUjL6utqCAJ9H6jhc+Fr4x3gWLGLcARGpLfWxKOBOt7zPupsnZophxCoDJT59d+/kVncJKcFaJdYPTZqMcwTgFwAXQj2g/boHzaa0On3/buRBrRH4Bo87rpxyI0Y9Z4VJ2xFg/fIMbYTH5BXSd12+Cz270Y4a3BKc8pzvzA9G20eYpD0Dk5fMcfpV1ef2q+ur32a4q6/swRj8ugEq4Cl0ZpuNAq0FwFDpv53O0C6AIpis45/cqNsYYG5wlrL/T9Kd/d5BmiooHwj4C8ATmeBGxvnfjku/eNkXvEFeHjvRugKx7GgY3YXyHG6si+vhtcW/bHJfJcdxMcY5jQtqH3ogp7ijT49ehY9JSPAEr8ffrnbpG6ZaY48nGiVflC8wdphd3A+Z41zyKaT11Sm38ymzUvIyerAugbS3IMGnqXeIAt78Fc7AOnoSXou8MGv8BRR9shfGK2+f8f8fJGLfrRPyPLRTnalNaOc+hF3/99KdFiqszU1teqKvHIJa/T2MnLzrGlfMwbnM9HfdBNz+PYVHyYpLxtXe6Xld3cGZvRsTU1N8UgruoWB5YuQAAAABJRU5ErkJggg==",17,,""
药品ATC,ATC2,"",,100,,""
药品ATC,ATC2中文,"",,100,,""
药品ATC,ATC2描述,"","data:image/jpeg;base64, iVBORw0KGgoAAAANSUhEUgAAAEAAAABACAYAAACqaXHeAAAAAXNSR0IArs4c6QAAAARnQU1BAACxjwv8YQUAAAAJcEhZcwAADsMAAA7DAcdvqGQAAAR/SURBVHhe7ZtpqG5TGICPeQoZUkIhEpJ/iigyZyrKfHFvKUTkhyEh0x9KIcqQefohQsQPGUJSSCRjIYQylHn2POeel2WdffZZ++x9v/19x37q6Z5v7bXWt/d7917Du8+ZGhgYGBgYGBhIOAPvX0Tuio14BP9aRC7BRtyLVR1NqkdhI4YAYNrBtWgnx06AR+OLmJ5/6wAcjJPE7Zief+sANO6gZ1qff97BQThJdH4HvIBV8+u4+hGm5986AJPuEABsxBAATDtosg6omof7bt86AE3XAfko3Hf71gFo2sGktx8CMAQA23QwBADT9kdiE9q2fwjT9r0H4FBswh1Y134VXHn5j5Vcgj9htG8awM4D8DzeifcUeBd+iFXtH8T78AhcE+vYHm9B27dOibUNQFd+jcfgGljKBXjc8h/LGccAvIqb4UJYe+bfYsYtAG/hJjgyug7ANWgfpfrMR9tv0ed5LvbAK9Gx4VY8HlfFVnQdgKYZpdsw2i6zoALviAfwY8wHzbOwFV0HYKHtX5r+NJsd8H38DrfADdE7Jb7PzVAr+g7A42i7Q6Y//Rcv9j30+OEWzHAYfoDv4O4WtKHvAJyIl6MLnpzY6r6BK1mQ4Gg/3/qgiL4DMBc74x9on5dZsKIY1wCYGYo+W9/mdXQdgC7eKzi1vY329zmujyuMrgNQ8l7hVKzD0f53tL9nLeiAfAz5h64DUOK5mLMnXoTn490Ydd+cKbsQL8Z9cTV01nADZIBuxrlWj9uhm6vXsHLKHHUA/kQHuBwv+jf8GdP6bnV/wTjmLvIVjAEydEW5OqY4dnyFab1ZjDoAn2HVDm8DdN5fF5/BqH8AOgZ4bD10YbQ3boOON19g1HV9EGyNP2AcU4M2i64DUJfXd6++F9axFn6K9vUlGpA6zsH4bh8J8Xl/Hb0r9kMfoSvQvcQsug5A298v2A2jr6csmIfN8Xu0/rsWwNn4CXrHzEvXAWjaPucUjL6utqCAJ9H6jhc+Fr4x3gWLGLcARGpLfWxKOBOt7zPupsnZophxCoDJT59d+/kVncJKcFaJdYPTZqMcwTgFwAXQj2g/boHzaa0On3/buRBrRH4Bo87rpxyI0Y9Z4VJ2xFg/fIMbYTH5BXSd12+Cz270Y4a3BKc8pzvzA9G20eYpD0Dk5fMcfpV1ef2q+ur32a4q6/swRj8ugEq4Cl0ZpuNAq0FwFDpv53O0C6AIpis45/cqNsYYG5wlrL/T9Kd/d5BmiooHwj4C8ATmeBGxvnfjku/eNkXvEFeHjvRugKx7GgY3YXyHG6si+vhtcW/bHJfJcdxMcY5jQtqH3ogp7ijT49ehY9JSPAEr8ffrnbpG6ZaY48nGiVflC8wdphd3A+Z41zyKaT11Sm38ymzUvIyerAugbS3IMGnqXeIAt78Fc7AOnoSXou8MGv8BRR9shfGK2+f8f8fJGLfrRPyPLRTnalNaOc+hF3/99KdFiqszU1teqKvHIJa/T2MnLzrGlfMwbnM9HfdBNz+PYVHyYpLxtXe6Xld3cGZvRsTU1N8UgruoWB5YuQAAAABJRU5ErkJggg==",100,,""
药品ATC,ATC3,"",,324,,""
药品ATC,ATC3中文,"",,313,,""
药品ATC,ATC3描述,"","data:image/jpeg;base64, iVBORw0KGgoAAAANSUhEUgAAAEAAAABACAYAAACqaXHeAAAAAXNSR0IArs4c6QAAAARnQU1BAACxjwv8YQUAAAAJcEhZcwAADsMAAA7DAcdvqGQAAAR/SURBVHhe7ZtpqG5TGICPeQoZUkIhEpJ/iigyZyrKfHFvKUTkhyEh0x9KIcqQefohQsQPGUJSSCRjIYQylHn2POeel2WdffZZ++x9v/19x37q6Z5v7bXWt/d7917Du8+ZGhgYGBgYGBhIOAPvX0Tuio14BP9aRC7BRtyLVR1NqkdhI4YAYNrBtWgnx06AR+OLmJ5/6wAcjJPE7Zief+sANO6gZ1qff97BQThJdH4HvIBV8+u4+hGm5986AJPuEABsxBAATDtosg6omof7bt86AE3XAfko3Hf71gFo2sGktx8CMAQA23QwBADT9kdiE9q2fwjT9r0H4FBswh1Y134VXHn5j5Vcgj9htG8awM4D8DzeifcUeBd+iFXtH8T78AhcE+vYHm9B27dOibUNQFd+jcfgGljKBXjc8h/LGccAvIqb4UJYe+bfYsYtAG/hJjgyug7ANWgfpfrMR9tv0ed5LvbAK9Gx4VY8HlfFVnQdgKYZpdsw2i6zoALviAfwY8wHzbOwFV0HYKHtX5r+NJsd8H38DrfADdE7Jb7PzVAr+g7A42i7Q6Y//Rcv9j30+OEWzHAYfoDv4O4WtKHvAJyIl6MLnpzY6r6BK1mQ4Gg/3/qgiL4DMBc74x9on5dZsKIY1wCYGYo+W9/mdXQdgC7eKzi1vY329zmujyuMrgNQ8l7hVKzD0f53tL9nLeiAfAz5h64DUOK5mLMnXoTn490Ydd+cKbsQL8Z9cTV01nADZIBuxrlWj9uhm6vXsHLKHHUA/kQHuBwv+jf8GdP6bnV/wTjmLvIVjAEydEW5OqY4dnyFab1ZjDoAn2HVDm8DdN5fF5/BqH8AOgZ4bD10YbQ3boOON19g1HV9EGyNP2AcU4M2i64DUJfXd6++F9axFn6K9vUlGpA6zsH4bh8J8Xl/Hb0r9kMfoSvQvcQsug5A298v2A2jr6csmIfN8Xu0/rsWwNn4CXrHzEvXAWjaPucUjL6utqCAJ9H6jhc+Fr4x3gWLGLcARGpLfWxKOBOt7zPupsnZophxCoDJT59d+/kVncJKcFaJdYPTZqMcwTgFwAXQj2g/boHzaa0On3/buRBrRH4Bo87rpxyI0Y9Z4VJ2xFg/fIMbYTH5BXSd12+Cz270Y4a3BKc8pzvzA9G20eYpD0Dk5fMcfpV1ef2q+ur32a4q6/swRj8ugEq4Cl0ZpuNAq0FwFDpv53O0C6AIpis45/cqNsYYG5wlrL/T9Kd/d5BmiooHwj4C8ATmeBGxvnfjku/eNkXvEFeHjvRugKx7GgY3YXyHG6si+vhtcW/bHJfJcdxMcY5jQtqH3ogp7ijT49ehY9JSPAEr8ffrnbpG6ZaY48nGiVflC8wdphd3A+Z41zyKaT11Sm38ymzUvIyerAugbS3IMGnqXeIAt78Fc7AOnoSXou8MGv8BRR9shfGK2+f8f8fJGLfrRPyPLRTnalNaOc+hF3/99KdFiqszU1teqKvHIJa/T2MnLzrGlfMwbnM9HfdBNz+PYVHyYpLxtXe6Xld3cGZvRsTU1N8UgruoWB5YuQAAAABJRU5ErkJggg==",325,,""
药品ATC,ATC4,"",,570,,""
药品ATC,ATC4中文,"",,528,,""
药品ATC,ATC4描述,"","data:image/jpeg;base64, iVBORw0KGgoAAAANSUhEUgAAAEAAAABACAYAAACqaXHeAAAAAXNSR0IArs4c6QAAAARnQU1BAACxjwv8YQUAAAAJcEhZcwAADsMAAA7DAcdvqGQAAAR/SURBVHhe7ZtpqG5TGICPeQoZUkIhEpJ/iigyZyrKfHFvKUTkhyEh0x9KIcqQefohQsQPGUJSSCRjIYQylHn2POeel2WdffZZ++x9v/19x37q6Z5v7bXWt/d7917Du8+ZGhgYGBgYGBhIOAPvX0Tuio14BP9aRC7BRtyLVR1NqkdhI4YAYNrBtWgnx06AR+OLmJ5/6wAcjJPE7Zief+sANO6gZ1qff97BQThJdH4HvIBV8+u4+hGm5986AJPuEABsxBAATDtosg6omof7bt86AE3XAfko3Hf71gFo2sGktx8CMAQA23QwBADT9kdiE9q2fwjT9r0H4FBswh1Y134VXHn5j5Vcgj9htG8awM4D8DzeifcUeBd+iFXtH8T78AhcE+vYHm9B27dOibUNQFd+jcfgGljKBXjc8h/LGccAvIqb4UJYe+bfYsYtAG/hJjgyug7ANWgfpfrMR9tv0ed5LvbAK9Gx4VY8HlfFVnQdgKYZpdsw2i6zoALviAfwY8wHzbOwFV0HYKHtX5r+NJsd8H38DrfADdE7Jb7PzVAr+g7A42i7Q6Y//Rcv9j30+OEWzHAYfoDv4O4WtKHvAJyIl6MLnpzY6r6BK1mQ4Gg/3/qgiL4DMBc74x9on5dZsKIY1wCYGYo+W9/mdXQdgC7eKzi1vY329zmujyuMrgNQ8l7hVKzD0f53tL9nLeiAfAz5h64DUOK5mLMnXoTn490Ydd+cKbsQL8Z9cTV01nADZIBuxrlWj9uhm6vXsHLKHHUA/kQHuBwv+jf8GdP6bnV/wTjmLvIVjAEydEW5OqY4dnyFab1ZjDoAn2HVDm8DdN5fF5/BqH8AOgZ4bD10YbQ3boOON19g1HV9EGyNP2AcU4M2i64DUJfXd6++F9axFn6K9vUlGpA6zsH4bh8J8Xl/Hb0r9kMfoSvQvcQsug5A298v2A2jr6csmIfN8Xu0/rsWwNn4CXrHzEvXAWjaPucUjL6utqCAJ9H6jhc+Fr4x3gWLGLcARGpLfWxKOBOt7zPupsnZophxCoDJT59d+/kVncJKcFaJdYPTZqMcwTgFwAXQj2g/boHzaa0On3/buRBrRH4Bo87rpxyI0Y9Z4VJ2xFg/fIMbYTH5BXSd12+Cz270Y4a3BKc8pzvzA9G20eYpD0Dk5fMcfpV1ef2q+ur32a4q6/swRj8ugEq4Cl0ZpuNAq0FwFDpv53O0C6AIpis45/cqNsYYG5wlrL/T9Kd/d5BmiooHwj4C8ATmeBGxvnfjku/eNkXvEFeHjvRugKx7GgY3YXyHG6si+vhtcW/bHJfJcdxMcY5jQtqH3ogp7ijT49ehY9JSPAEr8ffrnbpG6ZaY48nGiVflC8wdphd3A+Z41zyKaT11Sm38ymzUvIyerAugbS3IMGnqXeIAt78Fc7AOnoSXou8MGv8BRR9shfGK2+f8f8fJGLfrRPyPLRTnalNaOc+hF3/99KdFiqszU1teqKvHIJa/T2MnLzrGlfMwbnM9HfdBNz+PYVHyYpLxtXe6Xld3cGZvRsTU1N8UgruoWB5YuQAAAABJRU5ErkJggg==",570,,""
药品ATC,重点二级治疗领域,"","data:image/jpeg;base64, iVBORw0KGgoAAAANSUhEUgAAAEAAAABACAYAAACqaXHeAAAAAXNSR0IArs4c6QAAAARnQU1BAACxjwv8YQUAAAAJcEhZcwAADsMAAA7DAcdvqGQAAAR/SURBVHhe7ZtpqG5TGICPeQoZUkIhEpJ/iigyZyrKfHFvKUTkhyEh0x9KIcqQefohQsQPGUJSSCRjIYQylHn2POeel2WdffZZ++x9v/19x37q6Z5v7bXWt/d7917Du8+ZGhgYGBgYGBhIOAPvX0Tuio14BP9aRC7BRtyLVR1NqkdhI4YAYNrBtWgnx06AR+OLmJ5/6wAcjJPE7Zief+sANO6gZ1qff97BQThJdH4HvIBV8+u4+hGm5986AJPuEABsxBAATDtosg6omof7bt86AE3XAfko3Hf71gFo2sGktx8CMAQA23QwBADT9kdiE9q2fwjT9r0H4FBswh1Y134VXHn5j5Vcgj9htG8awM4D8DzeifcUeBd+iFXtH8T78AhcE+vYHm9B27dOibUNQFd+jcfgGljKBXjc8h/LGccAvIqb4UJYe+bfYsYtAG/hJjgyug7ANWgfpfrMR9tv0ed5LvbAK9Gx4VY8HlfFVnQdgKYZpdsw2i6zoALviAfwY8wHzbOwFV0HYKHtX5r+NJsd8H38DrfADdE7Jb7PzVAr+g7A42i7Q6Y//Rcv9j30+OEWzHAYfoDv4O4WtKHvAJyIl6MLnpzY6r6BK1mQ4Gg/3/qgiL4DMBc74x9on5dZsKIY1wCYGYo+W9/mdXQdgC7eKzi1vY329zmujyuMrgNQ8l7hVKzD0f53tL9nLeiAfAz5h64DUOK5mLMnXoTn490Ydd+cKbsQL8Z9cTV01nADZIBuxrlWj9uhm6vXsHLKHHUA/kQHuBwv+jf8GdP6bnV/wTjmLvIVjAEydEW5OqY4dnyFab1ZjDoAn2HVDm8DdN5fF5/BqH8AOgZ4bD10YbQ3boOON19g1HV9EGyNP2AcU4M2i64DUJfXd6++F9axFn6K9vUlGpA6zsH4bh8J8Xl/Hb0r9kMfoSvQvcQsug5A298v2A2jr6csmIfN8Xu0/rsWwNn4CXrHzEvXAWjaPucUjL6utqCAJ9H6jhc+Fr4x3gWLGLcARGpLfWxKOBOt7zPupsnZophxCoDJT59d+/kVncJKcFaJdYPTZqMcwTgFwAXQj2g/boHzaa0On3/buRBrRH4Bo87rpxyI0Y9Z4VJ2xFg/fIMbYTH5BXSd12+Cz270Y4a3BKc8pzvzA9G20eYpD0Dk5fMcfpV1ef2q+ur32a4q6/swRj8ugEq4Cl0ZpuNAq0FwFDpv53O0C6AIpis45/cqNsYYG5wlrL/T9Kd/d5BmiooHwj4C8ATmeBGxvnfjku/eNkXvEFeHjvRugKx7GgY3YXyHG6si+vhtcW/bHJfJcdxMcY5jQtqH3ogp7ijT49ehY9JSPAEr8ffrnbpG6ZaY48nGiVflC8wdphd3A+Z41zyKaT11Sm38ymzUvIyerAugbS3IMGnqXeIAt78Fc7AOnoSXou8MGv8BRR9shfGK2+f8f8fJGLfrRPyPLRTnalNaOc+hF3/99KdFiqszU1teqKvHIJa/T2MnLzrGlfMwbnM9HfdBNz+PYVHyYpLxtXe6Xld3cGZvRsTU1N8UgruoWB5YuQAAAABJRU5ErkJggg==",17,,""
药品靶点,drug_name,"",,2346,,""
药品靶点,target_ids,"",,458,,0
通用名销售,商品名-企业,"",,34034,,""
通用名销售,最近一年销售额,"",,38,,""
销售数据,API量,"","data:image/jpeg;base64, iVBORw0KGgoAAAANSUhEUgAAAEAAAABACAYAAACqaXHeAAAAAXNSR0IArs4c6QAAAARnQU1BAACxjwv8YQUAAAAJcEhZcwAADsMAAA7DAcdvqGQAAAR/SURBVHhe7ZtpqG5TGICPeQoZUkIhEpJ/iigyZyrKfHFvKUTkhyEh0x9KIcqQefohQsQPGUJSSCRjIYQylHn2POeel2WdffZZ++x9v/19x37q6Z5v7bXWt/d7917Du8+ZGhgYGBgYGBhIOAPvX0Tuio14BP9aRC7BRtyLVR1NqkdhI4YAYNrBtWgnx06AR+OLmJ5/6wAcjJPE7Zief+sANO6gZ1qff97BQThJdH4HvIBV8+u4+hGm5986AJPuEABsxBAATDtosg6omof7bt86AE3XAfko3Hf71gFo2sGktx8CMAQA23QwBADT9kdiE9q2fwjT9r0H4FBswh1Y134VXHn5j5Vcgj9htG8awM4D8DzeifcUeBd+iFXtH8T78AhcE+vYHm9B27dOibUNQFd+jcfgGljKBXjc8h/LGccAvIqb4UJYe+bfYsYtAG/hJjgyug7ANWgfpfrMR9tv0ed5LvbAK9Gx4VY8HlfFVnQdgKYZpdsw2i6zoALviAfwY8wHzbOwFV0HYKHtX5r+NJsd8H38DrfADdE7Jb7PzVAr+g7A42i7Q6Y//Rcv9j30+OEWzHAYfoDv4O4WtKHvAJyIl6MLnpzY6r6BK1mQ4Gg/3/qgiL4DMBc74x9on5dZsKIY1wCYGYo+W9/mdXQdgC7eKzi1vY329zmujyuMrgNQ8l7hVKzD0f53tL9nLeiAfAz5h64DUOK5mLMnXoTn490Ydd+cKbsQL8Z9cTV01nADZIBuxrlWj9uhm6vXsHLKHHUA/kQHuBwv+jf8GdP6bnV/wTjmLvIVjAEydEW5OqY4dnyFab1ZjDoAn2HVDm8DdN5fF5/BqH8AOgZ4bD10YbQ3boOON19g1HV9EGyNP2AcU4M2i64DUJfXd6++F9axFn6K9vUlGpA6zsH4bh8J8Xl/Hb0r9kMfoSvQvcQsug5A298v2A2jr6csmIfN8Xu0/rsWwNn4CXrHzEvXAWjaPucUjL6utqCAJ9H6jhc+Fr4x3gWLGLcARGpLfWxKOBOt7zPupsnZophxCoDJT59d+/kVncJKcFaJdYPTZqMcwTgFwAXQj2g/boHzaa0On3/buRBrRH4Bo87rpxyI0Y9Z4VJ2xFg/fIMbYTH5BXSd12+Cz270Y4a3BKc8pzvzA9G20eYpD0Dk5fMcfpV1ef2q+ur32a4q6/swRj8ugEq4Cl0ZpuNAq0FwFDpv53O0C6AIpis45/cqNsYYG5wlrL/T9Kd/d5BmiooHwj4C8ATmeBGxvnfjku/eNkXvEFeHjvRugKx7GgY3YXyHG6si+vhtcW/bHJfJcdxMcY5jQtqH3ogp7ijT49ehY9JSPAEr8ffrnbpG6ZaY48nGiVflC8wdphd3A+Z41zyKaT11Sm38ymzUvIyerAugbS3IMGnqXeIAt78Fc7AOnoSXou8MGv8BRR9shfGK2+f8f8fJGLfrRPyPLRTnalNaOc+hF3/99KdFiqszU1teqKvHIJa/T2MnLzrGlfMwbnM9HfdBNz+PYVHyYpLxtXe6Xld3cGZvRsTU1N8UgruoWB5YuQAAAABJRU5ErkJggg==",662023,,""
销售数据,Date,"",,30,,yyyy.m
销售数据,七位产品编码,"",,63593,,0
销售数据,价格,"","data:image/jpeg;base64, iVBORw0KGgoAAAANSUhEUgAAAEAAAABACAYAAACqaXHeAAAAAXNSR0IArs4c6QAAAARnQU1BAACxjwv8YQUAAAAJcEhZcwAADsMAAA7DAcdvqGQAAAR/SURBVHhe7ZtpqG5TGICPeQoZUkIhEpJ/iigyZyrKfHFvKUTkhyEh0x9KIcqQefohQsQPGUJSSCRjIYQylHn2POeel2WdffZZ++x9v/19x37q6Z5v7bXWt/d7917Du8+ZGhgYGBgYGBhIOAPvX0Tuio14BP9aRC7BRtyLVR1NqkdhI4YAYNrBtWgnx06AR+OLmJ5/6wAcjJPE7Zief+sANO6gZ1qff97BQThJdH4HvIBV8+u4+hGm5986AJPuEABsxBAATDtosg6omof7bt86AE3XAfko3Hf71gFo2sGktx8CMAQA23QwBADT9kdiE9q2fwjT9r0H4FBswh1Y134VXHn5j5Vcgj9htG8awM4D8DzeifcUeBd+iFXtH8T78AhcE+vYHm9B27dOibUNQFd+jcfgGljKBXjc8h/LGccAvIqb4UJYe+bfYsYtAG/hJjgyug7ANWgfpfrMR9tv0ed5LvbAK9Gx4VY8HlfFVnQdgKYZpdsw2i6zoALviAfwY8wHzbOwFV0HYKHtX5r+NJsd8H38DrfADdE7Jb7PzVAr+g7A42i7Q6Y//Rcv9j30+OEWzHAYfoDv4O4WtKHvAJyIl6MLnpzY6r6BK1mQ4Gg/3/qgiL4DMBc74x9on5dZsKIY1wCYGYo+W9/mdXQdgC7eKzi1vY329zmujyuMrgNQ8l7hVKzD0f53tL9nLeiAfAz5h64DUOK5mLMnXoTn490Ydd+cKbsQL8Z9cTV01nADZIBuxrlWj9uhm6vXsHLKHHUA/kQHuBwv+jf8GdP6bnV/wTjmLvIVjAEydEW5OqY4dnyFab1ZjDoAn2HVDm8DdN5fF5/BqH8AOgZ4bD10YbQ3boOON19g1HV9EGyNP2AcU4M2i64DUJfXd6++F9axFn6K9vUlGpA6zsH4bh8J8Xl/Hb0r9kMfoSvQvcQsug5A298v2A2jr6csmIfN8Xu0/rsWwNn4CXrHzEvXAWjaPucUjL6utqCAJ9H6jhc+Fr4x3gWLGLcARGpLfWxKOBOt7zPupsnZophxCoDJT59d+/kVncJKcFaJdYPTZqMcwTgFwAXQj2g/boHzaa0On3/buRBrRH4Bo87rpxyI0Y9Z4VJ2xFg/fIMbYTH5BXSd12+Cz270Y4a3BKc8pzvzA9G20eYpD0Dk5fMcfpV1ef2q+ur32a4q6/swRj8ugEq4Cl0ZpuNAq0FwFDpv53O0C6AIpis45/cqNsYYG5wlrL/T9Kd/d5BmiooHwj4C8ATmeBGxvnfjku/eNkXvEFeHjvRugKx7GgY3YXyHG6si+vhtcW/bHJfJcdxMcY5jQtqH3ogp7ijT49ehY9JSPAEr8ffrnbpG6ZaY48nGiVflC8wdphd3A+Z41zyKaT11Sm38ymzUvIyerAugbS3IMGnqXeIAt78Fc7AOnoSXou8MGv8BRR9shfGK2+f8f8fJGLfrRPyPLRTnalNaOc+hF3/99KdFiqszU1teqKvHIJa/T2MnLzrGlfMwbnM9HfdBNz+PYVHyYpLxtXe6Xld3cGZvRsTU1N8UgruoWB5YuQAAAABJRU5ErkJggg==",1043796,,"#,0.00"
销售数据,转换销售量,"","data:image/jpeg;base64, iVBORw0KGgoAAAANSUhEUgAAAEAAAABACAYAAACqaXHeAAAAAXNSR0IArs4c6QAAAARnQU1BAACxjwv8YQUAAAAJcEhZcwAADsMAAA7DAcdvqGQAAAR/SURBVHhe7ZtpqG5TGICPeQoZUkIhEpJ/iigyZyrKfHFvKUTkhyEh0x9KIcqQefohQsQPGUJSSCRjIYQylHn2POeel2WdffZZ++x9v/19x37q6Z5v7bXWt/d7917Du8+ZGhgYGBgYGBhIOAPvX0Tuio14BP9aRC7BRtyLVR1NqkdhI4YAYNrBtWgnx06AR+OLmJ5/6wAcjJPE7Zief+sANO6gZ1qff97BQThJdH4HvIBV8+u4+hGm5986AJPuEABsxBAATDtosg6omof7bt86AE3XAfko3Hf71gFo2sGktx8CMAQA23QwBADT9kdiE9q2fwjT9r0H4FBswh1Y134VXHn5j5Vcgj9htG8awM4D8DzeifcUeBd+iFXtH8T78AhcE+vYHm9B27dOibUNQFd+jcfgGljKBXjc8h/LGccAvIqb4UJYe+bfYsYtAG/hJjgyug7ANWgfpfrMR9tv0ed5LvbAK9Gx4VY8HlfFVnQdgKYZpdsw2i6zoALviAfwY8wHzbOwFV0HYKHtX5r+NJsd8H38DrfADdE7Jb7PzVAr+g7A42i7Q6Y//Rcv9j30+OEWzHAYfoDv4O4WtKHvAJyIl6MLnpzY6r6BK1mQ4Gg/3/qgiL4DMBc74x9on5dZsKIY1wCYGYo+W9/mdXQdgC7eKzi1vY329zmujyuMrgNQ8l7hVKzD0f53tL9nLeiAfAz5h64DUOK5mLMnXoTn490Ydd+cKbsQL8Z9cTV01nADZIBuxrlWj9uhm6vXsHLKHHUA/kQHuBwv+jf8GdP6bnV/wTjmLvIVjAEydEW5OqY4dnyFab1ZjDoAn2HVDm8DdN5fF5/BqH8AOgZ4bD10YbQ3boOON19g1HV9EGyNP2AcU4M2i64DUJfXd6++F9axFn6K9vUlGpA6zsH4bh8J8Xl/Hb0r9kMfoSvQvcQsug5A298v2A2jr6csmIfN8Xu0/rsWwNn4CXrHzEvXAWjaPucUjL6utqCAJ9H6jhc+Fr4x3gWLGLcARGpLfWxKOBOt7zPupsnZophxCoDJT59d+/kVncJKcFaJdYPTZqMcwTgFwAXQj2g/boHzaa0On3/buRBrRH4Bo87rpxyI0Y9Z4VJ2xFg/fIMbYTH5BXSd12+Cz270Y4a3BKc8pzvzA9G20eYpD0Dk5fMcfpV1ef2q+ur32a4q6/swRj8ugEq4Cl0ZpuNAq0FwFDpv53O0C6AIpis45/cqNsYYG5wlrL/T9Kd/d5BmiooHwj4C8ATmeBGxvnfjku/eNkXvEFeHjvRugKx7GgY3YXyHG6si+vhtcW/bHJfJcdxMcY5jQtqH3ogp7ijT49ehY9JSPAEr8ffrnbpG6ZaY48nGiVflC8wdphd3A+Z41zyKaT11Sm38ymzUvIyerAugbS3IMGnqXeIAt78Fc7AOnoSXou8MGv8BRR9shfGK2+f8f8fJGLfrRPyPLRTnalNaOc+hF3/99KdFiqszU1teqKvHIJa/T2MnLzrGlfMwbnM9HfdBNz+PYVHyYpLxtXe6Xld3cGZvRsTU1N8UgruoWB5YuQAAAABJRU5ErkJggg==",664626,,"#,0"
销售数据,销售量,"","data:image/jpeg;base64, iVBORw0KGgoAAAANSUhEUgAAAEAAAABACAYAAACqaXHeAAAAAXNSR0IArs4c6QAAAARnQU1BAACxjwv8YQUAAAAJcEhZcwAADsMAAA7DAcdvqGQAAAR/SURBVHhe7ZtpqG5TGICPeQoZUkIhEpJ/iigyZyrKfHFvKUTkhyEh0x9KIcqQefohQsQPGUJSSCRjIYQylHn2POeel2WdffZZ++x9v/19x37q6Z5v7bXWt/d7917Du8+ZGhgYGBgYGBhIOAPvX0Tuio14BP9aRC7BRtyLVR1NqkdhI4YAYNrBtWgnx06AR+OLmJ5/6wAcjJPE7Zief+sANO6gZ1qff97BQThJdH4HvIBV8+u4+hGm5986AJPuEABsxBAATDtosg6omof7bt86AE3XAfko3Hf71gFo2sGktx8CMAQA23QwBADT9kdiE9q2fwjT9r0H4FBswh1Y134VXHn5j5Vcgj9htG8awM4D8DzeifcUeBd+iFXtH8T78AhcE+vYHm9B27dOibUNQFd+jcfgGljKBXjc8h/LGccAvIqb4UJYe+bfYsYtAG/hJjgyug7ANWgfpfrMR9tv0ed5LvbAK9Gx4VY8HlfFVnQdgKYZpdsw2i6zoALviAfwY8wHzbOwFV0HYKHtX5r+NJsd8H38DrfADdE7Jb7PzVAr+g7A42i7Q6Y//Rcv9j30+OEWzHAYfoDv4O4WtKHvAJyIl6MLnpzY6r6BK1mQ4Gg/3/qgiL4DMBc74x9on5dZsKIY1wCYGYo+W9/mdXQdgC7eKzi1vY329zmujyuMrgNQ8l7hVKzD0f53tL9nLeiAfAz5h64DUOK5mLMnXoTn490Ydd+cKbsQL8Z9cTV01nADZIBuxrlWj9uhm6vXsHLKHHUA/kQHuBwv+jf8GdP6bnV/wTjmLvIVjAEydEW5OqY4dnyFab1ZjDoAn2HVDm8DdN5fF5/BqH8AOgZ4bD10YbQ3boOON19g1HV9EGyNP2AcU4M2i64DUJfXd6++F9axFn6K9vUlGpA6zsH4bh8J8Xl/Hb0r9kMfoSvQvcQsug5A298v2A2jr6csmIfN8Xu0/rsWwNn4CXrHzEvXAWjaPucUjL6utqCAJ9H6jhc+Fr4x3gWLGLcARGpLfWxKOBOt7zPupsnZophxCoDJT59d+/kVncJKcFaJdYPTZqMcwTgFwAXQj2g/boHzaa0On3/buRBrRH4Bo87rpxyI0Y9Z4VJ2xFg/fIMbYTH5BXSd12+Cz270Y4a3BKc8pzvzA9G20eYpD0Dk5fMcfpV1ef2q+ur32a4q6/swRj8ugEq4Cl0ZpuNAq0FwFDpv53O0C6AIpis45/cqNsYYG5wlrL/T9Kd/d5BmiooHwj4C8ATmeBGxvnfjku/eNkXvEFeHjvRugKx7GgY3YXyHG6si+vhtcW/bHJfJcdxMcY5jQtqH3ogp7ijT49ehY9JSPAEr8ffrnbpG6ZaY48nGiVflC8wdphd3A+Z41zyKaT11Sm38ymzUvIyerAugbS3IMGnqXeIAt78Fc7AOnoSXou8MGv8BRR9shfGK2+f8f8fJGLfrRPyPLRTnalNaOc+hF3/99KdFiqszU1teqKvHIJa/T2MnLzrGlfMwbnM9HfdBNz+PYVHyYpLxtXe6Xld3cGZvRsTU1N8UgruoWB5YuQAAAABJRU5ErkJggg==",624186,,"#,0"
销售数据,销售量2,"",,623759,,"#,0"
销售数据,销售额,"",,1044551,,"#,0"
集采品种,批次,"",,7,,""
集采品种,状态,"",,1,,""
集采品种,药品名称,"","data:image/jpeg;base64, iVBORw0KGgoAAAANSUhEUgAAAEAAAABACAYAAACqaXHeAAAAAXNSR0IArs4c6QAAAARnQU1BAACxjwv8YQUAAAAJcEhZcwAADsMAAA7DAcdvqGQAAAR/SURBVHhe7ZtpqG5TGICPeQoZUkIhEpJ/iigyZyrKfHFvKUTkhyEh0x9KIcqQefohQsQPGUJSSCRjIYQylHn2POeel2WdffZZ++x9v/19x37q6Z5v7bXWt/d7917Du8+ZGhgYGBgYGBhIOAPvX0Tuio14BP9aRC7BRtyLVR1NqkdhI4YAYNrBtWgnx06AR+OLmJ5/6wAcjJPE7Zief+sANO6gZ1qff97BQThJdH4HvIBV8+u4+hGm5986AJPuEABsxBAATDtosg6omof7bt86AE3XAfko3Hf71gFo2sGktx8CMAQA23QwBADT9kdiE9q2fwjT9r0H4FBswh1Y134VXHn5j5Vcgj9htG8awM4D8DzeifcUeBd+iFXtH8T78AhcE+vYHm9B27dOibUNQFd+jcfgGljKBXjc8h/LGccAvIqb4UJYe+bfYsYtAG/hJjgyug7ANWgfpfrMR9tv0ed5LvbAK9Gx4VY8HlfFVnQdgKYZpdsw2i6zoALviAfwY8wHzbOwFV0HYKHtX5r+NJsd8H38DrfADdE7Jb7PzVAr+g7A42i7Q6Y//Rcv9j30+OEWzHAYfoDv4O4WtKHvAJyIl6MLnpzY6r6BK1mQ4Gg/3/qgiL4DMBc74x9on5dZsKIY1wCYGYo+W9/mdXQdgC7eKzi1vY329zmujyuMrgNQ8l7hVKzD0f53tL9nLeiAfAz5h64DUOK5mLMnXoTn490Ydd+cKbsQL8Z9cTV01nADZIBuxrlWj9uhm6vXsHLKHHUA/kQHuBwv+jf8GdP6bnV/wTjmLvIVjAEydEW5OqY4dnyFab1ZjDoAn2HVDm8DdN5fF5/BqH8AOgZ4bD10YbQ3boOON19g1HV9EGyNP2AcU4M2i64DUJfXd6++F9axFn6K9vUlGpA6zsH4bh8J8Xl/Hb0r9kMfoSvQvcQsug5A298v2A2jr6csmIfN8Xu0/rsWwNn4CXrHzEvXAWjaPucUjL6utqCAJ9H6jhc+Fr4x3gWLGLcARGpLfWxKOBOt7zPupsnZophxCoDJT59d+/kVncJKcFaJdYPTZqMcwTgFwAXQj2g/boHzaa0On3/buRBrRH4Bo87rpxyI0Y9Z4VJ2xFg/fIMbYTH5BXSd12+Cz270Y4a3BKc8pzvzA9G20eYpD0Dk5fMcfpV1ef2q+ur32a4q6/swRj8ugEq4Cl0ZpuNAq0FwFDpv53O0C6AIpis45/cqNsYYG5wlrL/T9Kd/d5BmiooHwj4C8ATmeBGxvnfjku/eNkXvEFeHjvRugKx7GgY3YXyHG6si+vhtcW/bHJfJcdxMcY5jQtqH3ogp7ijT49ehY9JSPAEr8ffrnbpG6ZaY48nGiVflC8wdphd3A+Z41zyKaT11Sm38ymzUvIyerAugbS3IMGnqXeIAt78Fc7AOnoSXou8MGv8BRR9shfGK2+f8f8fJGLfrRPyPLRTnalNaOc+hF3/99KdFiqszU1teqKvHIJa/T2MnLzrGlfMwbnM9HfdBNz+PYVHyYpLxtXe6Xld3cGZvRsTU1N8UgruoWB5YuQAAAABJRU5ErkJggg==",323,,""
集采品种,药品索引,"",,1506,,0
集采品种,规格,"","data:image/jpeg;base64, iVBORw0KGgoAAAANSUhEUgAAAEAAAABACAYAAACqaXHeAAAAAXNSR0IArs4c6QAAAARnQU1BAACxjwv8YQUAAAAJcEhZcwAADsMAAA7DAcdvqGQAAAR/SURBVHhe7ZtpqG5TGICPeQoZUkIhEpJ/iigyZyrKfHFvKUTkhyEh0x9KIcqQefohQsQPGUJSSCRjIYQylHn2POeel2WdffZZ++x9v/19x37q6Z5v7bXWt/d7917Du8+ZGhgYGBgYGBhIOAPvX0Tuio14BP9aRC7BRtyLVR1NqkdhI4YAYNrBtWgnx06AR+OLmJ5/6wAcjJPE7Zief+sANO6gZ1qff97BQThJdH4HvIBV8+u4+hGm5986AJPuEABsxBAATDtosg6omof7bt86AE3XAfko3Hf71gFo2sGktx8CMAQA23QwBADT9kdiE9q2fwjT9r0H4FBswh1Y134VXHn5j5Vcgj9htG8awM4D8DzeifcUeBd+iFXtH8T78AhcE+vYHm9B27dOibUNQFd+jcfgGljKBXjc8h/LGccAvIqb4UJYe+bfYsYtAG/hJjgyug7ANWgfpfrMR9tv0ed5LvbAK9Gx4VY8HlfFVnQdgKYZpdsw2i6zoALviAfwY8wHzbOwFV0HYKHtX5r+NJsd8H38DrfADdE7Jb7PzVAr+g7A42i7Q6Y//Rcv9j30+OEWzHAYfoDv4O4WtKHvAJyIl6MLnpzY6r6BK1mQ4Gg/3/qgiL4DMBc74x9on5dZsKIY1wCYGYo+W9/mdXQdgC7eKzi1vY329zmujyuMrgNQ8l7hVKzD0f53tL9nLeiAfAz5h64DUOK5mLMnXoTn490Ydd+cKbsQL8Z9cTV01nADZIBuxrlWj9uhm6vXsHLKHHUA/kQHuBwv+jf8GdP6bnV/wTjmLvIVjAEydEW5OqY4dnyFab1ZjDoAn2HVDm8DdN5fF5/BqH8AOgZ4bD10YbQ3boOON19g1HV9EGyNP2AcU4M2i64DUJfXd6++F9axFn6K9vUlGpA6zsH4bh8J8Xl/Hb0r9kMfoSvQvcQsug5A298v2A2jr6csmIfN8Xu0/rsWwNn4CXrHzEvXAWjaPucUjL6utqCAJ9H6jhc+Fr4x3gWLGLcARGpLfWxKOBOt7zPupsnZophxCoDJT59d+/kVncJKcFaJdYPTZqMcwTgFwAXQj2g/boHzaa0On3/buRBrRH4Bo87rpxyI0Y9Z4VJ2xFg/fIMbYTH5BXSd12+Cz270Y4a3BKc8pzvzA9G20eYpD0Dk5fMcfpV1ef2q+ur32a4q6/swRj8ugEq4Cl0ZpuNAq0FwFDpv53O0C6AIpis45/cqNsYYG5wlrL/T9Kd/d5BmiooHwj4C8ATmeBGxvnfjku/eNkXvEFeHjvRugKx7GgY3YXyHG6si+vhtcW/bHJfJcdxMcY5jQtqH3ogp7ijT49ehY9JSPAEr8ffrnbpG6ZaY48nGiVflC8wdphd3A+Z41zyKaT11Sm38ymzUvIyerAugbS3IMGnqXeIAt78Fc7AOnoSXou8MGv8BRR9shfGK2+f8f8fJGLfrRPyPLRTnalNaOc+hF3/99KdFiqszU1teqKvHIJa/T2MnLzrGlfMwbnM9HfdBNz+PYVHyYpLxtXe6Xld3cGZvRsTU1N8UgruoWB5YuQAAAABJRU5ErkJggg==",200,,""
集采执行Q,执行年,"",,4,,0
集采执行Q,集采执行,"",,16,,0
集采执行Q,集采时间轴,"",,16,,""
集采批次,Flag,"",,3,,0
集采批次,批次,"",,7,,""
集采批次,药品名称,"",,345,,""
集采批次层级,key,"","data:image/jpeg;base64, iVBORw0KGgoAAAANSUhEUgAAAEAAAABACAYAAACqaXHeAAAAAXNSR0IArs4c6QAAAARnQU1BAACxjwv8YQUAAAAJcEhZcwAADsMAAA7DAcdvqGQAAAR/SURBVHhe7ZtpqG5TGICPeQoZUkIhEpJ/iigyZyrKfHFvKUTkhyEh0x9KIcqQefohQsQPGUJSSCRjIYQylHn2POeel2WdffZZ++x9v/19x37q6Z5v7bXWt/d7917Du8+ZGhgYGBgYGBhIOAPvX0Tuio14BP9aRC7BRtyLVR1NqkdhI4YAYNrBtWgnx06AR+OLmJ5/6wAcjJPE7Zief+sANO6gZ1qff97BQThJdH4HvIBV8+u4+hGm5986AJPuEABsxBAATDtosg6omof7bt86AE3XAfko3Hf71gFo2sGktx8CMAQA23QwBADT9kdiE9q2fwjT9r0H4FBswh1Y134VXHn5j5Vcgj9htG8awM4D8DzeifcUeBd+iFXtH8T78AhcE+vYHm9B27dOibUNQFd+jcfgGljKBXjc8h/LGccAvIqb4UJYe+bfYsYtAG/hJjgyug7ANWgfpfrMR9tv0ed5LvbAK9Gx4VY8HlfFVnQdgKYZpdsw2i6zoALviAfwY8wHzbOwFV0HYKHtX5r+NJsd8H38DrfADdE7Jb7PzVAr+g7A42i7Q6Y//Rcv9j30+OEWzHAYfoDv4O4WtKHvAJyIl6MLnpzY6r6BK1mQ4Gg/3/qgiL4DMBc74x9on5dZsKIY1wCYGYo+W9/mdXQdgC7eKzi1vY329zmujyuMrgNQ8l7hVKzD0f53tL9nLeiAfAz5h64DUOK5mLMnXoTn490Ydd+cKbsQL8Z9cTV01nADZIBuxrlWj9uhm6vXsHLKHHUA/kQHuBwv+jf8GdP6bnV/wTjmLvIVjAEydEW5OqY4dnyFab1ZjDoAn2HVDm8DdN5fF5/BqH8AOgZ4bD10YbQ3boOON19g1HV9EGyNP2AcU4M2i64DUJfXd6++F9axFn6K9vUlGpA6zsH4bh8J8Xl/Hb0r9kMfoSvQvcQsug5A298v2A2jr6csmIfN8Xu0/rsWwNn4CXrHzEvXAWjaPucUjL6utqCAJ9H6jhc+Fr4x3gWLGLcARGpLfWxKOBOt7zPupsnZophxCoDJT59d+/kVncJKcFaJdYPTZqMcwTgFwAXQj2g/boHzaa0On3/buRBrRH4Bo87rpxyI0Y9Z4VJ2xFg/fIMbYTH5BXSd12+Cz270Y4a3BKc8pzvzA9G20eYpD0Dk5fMcfpV1ef2q+ur32a4q6/swRj8ugEq4Cl0ZpuNAq0FwFDpv53O0C6AIpis45/cqNsYYG5wlrL/T9Kd/d5BmiooHwj4C8ATmeBGxvnfjku/eNkXvEFeHjvRugKx7GgY3YXyHG6si+vhtcW/bHJfJcdxMcY5jQtqH3ogp7ijT49ehY9JSPAEr8ffrnbpG6ZaY48nGiVflC8wdphd3A+Z41zyKaT11Sm38ymzUvIyerAugbS3IMGnqXeIAt78Fc7AOnoSXou8MGv8BRR9shfGK2+f8f8fJGLfrRPyPLRTnalNaOc+hF3/99KdFiqszU1teqKvHIJa/T2MnLzrGlfMwbnM9HfdBNz+PYVHyYpLxtXe6Xld3cGZvRsTU1N8UgruoWB5YuQAAAABJRU5ErkJggg==",74,,""
集采批次层级,国采批次/省联盟,"",,25,批次排序,""
集采批次层级,批次排序,"","data:image/jpeg;base64, iVBORw0KGgoAAAANSUhEUgAAAEAAAABACAYAAACqaXHeAAAAAXNSR0IArs4c6QAAAARnQU1BAACxjwv8YQUAAAAJcEhZcwAADsMAAA7DAcdvqGQAAAR/SURBVHhe7ZtpqG5TGICPeQoZUkIhEpJ/iigyZyrKfHFvKUTkhyEh0x9KIcqQefohQsQPGUJSSCRjIYQylHn2POeel2WdffZZ++x9v/19x37q6Z5v7bXWt/d7917Du8+ZGhgYGBgYGBhIOAPvX0Tuio14BP9aRC7BRtyLVR1NqkdhI4YAYNrBtWgnx06AR+OLmJ5/6wAcjJPE7Zief+sANO6gZ1qff97BQThJdH4HvIBV8+u4+hGm5986AJPuEABsxBAATDtosg6omof7bt86AE3XAfko3Hf71gFo2sGktx8CMAQA23QwBADT9kdiE9q2fwjT9r0H4FBswh1Y134VXHn5j5Vcgj9htG8awM4D8DzeifcUeBd+iFXtH8T78AhcE+vYHm9B27dOibUNQFd+jcfgGljKBXjc8h/LGccAvIqb4UJYe+bfYsYtAG/hJjgyug7ANWgfpfrMR9tv0ed5LvbAK9Gx4VY8HlfFVnQdgKYZpdsw2i6zoALviAfwY8wHzbOwFV0HYKHtX5r+NJsd8H38DrfADdE7Jb7PzVAr+g7A42i7Q6Y//Rcv9j30+OEWzHAYfoDv4O4WtKHvAJyIl6MLnpzY6r6BK1mQ4Gg/3/qgiL4DMBc74x9on5dZsKIY1wCYGYo+W9/mdXQdgC7eKzi1vY329zmujyuMrgNQ8l7hVKzD0f53tL9nLeiAfAz5h64DUOK5mLMnXoTn490Ydd+cKbsQL8Z9cTV01nADZIBuxrlWj9uhm6vXsHLKHHUA/kQHuBwv+jf8GdP6bnV/wTjmLvIVjAEydEW5OqY4dnyFab1ZjDoAn2HVDm8DdN5fF5/BqH8AOgZ4bD10YbQ3boOON19g1HV9EGyNP2AcU4M2i64DUJfXd6++F9axFn6K9vUlGpA6zsH4bh8J8Xl/Hb0r9kMfoSvQvcQsug5A298v2A2jr6csmIfN8Xu0/rsWwNn4CXrHzEvXAWjaPucUjL6utqCAJ9H6jhc+Fr4x3gWLGLcARGpLfWxKOBOt7zPupsnZophxCoDJT59d+/kVncJKcFaJdYPTZqMcwTgFwAXQj2g/boHzaa0On3/buRBrRH4Bo87rpxyI0Y9Z4VJ2xFg/fIMbYTH5BXSd12+Cz270Y4a3BKc8pzvzA9G20eYpD0Dk5fMcfpV1ef2q+ur32a4q6/swRj8ugEq4Cl0ZpuNAq0FwFDpv53O0C6AIpis45/cqNsYYG5wlrL/T9Kd/d5BmiooHwj4C8ATmeBGxvnfjku/eNkXvEFeHjvRugKx7GgY3YXyHG6si+vhtcW/bHJfJcdxMcY5jQtqH3ogp7ijT49ehY9JSPAEr8ffrnbpG6ZaY48nGiVflC8wdphd3A+Z41zyKaT11Sm38ymzUvIyerAugbS3IMGnqXeIAt78Fc7AOnoSXou8MGv8BRR9shfGK2+f8f8fJGLfrRPyPLRTnalNaOc+hF3/99KdFiqszU1teqKvHIJa/T2MnLzrGlfMwbnM9HfdBNz+PYVHyYpLxtXe6Xld3cGZvRsTU1N8UgruoWB5YuQAAAABJRU5ErkJggg==",25,,0
集采批次层级,标签,"",,4,,""
集采批次层级,结果类别,"",,2,,""
集采批次新,中选结果公布时间,"",,29,,Long Date
集采批次新,品种数,"",,2,,""
集采批次新,国家集采简称,"",,35,索引,""
集采批次新,拟结果公布时间,"",,31,,Long Date
集采批次新,最早执行时间,"",,25,,Long Date
集采批次新,最迟执行时间,"",,8,,Long Date
集采批次新,省份数,"",,14,,""
集采批次新,类别,"","data:image/jpeg;base64, iVBORw0KGgoAAAANSUhEUgAAAEAAAABACAYAAACqaXHeAAAAAXNSR0IArs4c6QAAAARnQU1BAACxjwv8YQUAAAAJcEhZcwAADsMAAA7DAcdvqGQAAAR/SURBVHhe7ZtpqG5TGICPeQoZUkIhEpJ/iigyZyrKfHFvKUTkhyEh0x9KIcqQefohQsQPGUJSSCRjIYQylHn2POeel2WdffZZ++x9v/19x37q6Z5v7bXWt/d7917Du8+ZGhgYGBgYGBhIOAPvX0Tuio14BP9aRC7BRtyLVR1NqkdhI4YAYNrBtWgnx06AR+OLmJ5/6wAcjJPE7Zief+sANO6gZ1qff97BQThJdH4HvIBV8+u4+hGm5986AJPuEABsxBAATDtosg6omof7bt86AE3XAfko3Hf71gFo2sGktx8CMAQA23QwBADT9kdiE9q2fwjT9r0H4FBswh1Y134VXHn5j5Vcgj9htG8awM4D8DzeifcUeBd+iFXtH8T78AhcE+vYHm9B27dOibUNQFd+jcfgGljKBXjc8h/LGccAvIqb4UJYe+bfYsYtAG/hJjgyug7ANWgfpfrMR9tv0ed5LvbAK9Gx4VY8HlfFVnQdgKYZpdsw2i6zoALviAfwY8wHzbOwFV0HYKHtX5r+NJsd8H38DrfADdE7Jb7PzVAr+g7A42i7Q6Y//Rcv9j30+OEWzHAYfoDv4O4WtKHvAJyIl6MLnpzY6r6BK1mQ4Gg/3/qgiL4DMBc74x9on5dZsKIY1wCYGYo+W9/mdXQdgC7eKzi1vY329zmujyuMrgNQ8l7hVKzD0f53tL9nLeiAfAz5h64DUOK5mLMnXoTn490Ydd+cKbsQL8Z9cTV01nADZIBuxrlWj9uhm6vXsHLKHHUA/kQHuBwv+jf8GdP6bnV/wTjmLvIVjAEydEW5OqY4dnyFab1ZjDoAn2HVDm8DdN5fF5/BqH8AOgZ4bD10YbQ3boOON19g1HV9EGyNP2AcU4M2i64DUJfXd6++F9axFn6K9vUlGpA6zsH4bh8J8Xl/Hb0r9kMfoSvQvcQsug5A298v2A2jr6csmIfN8Xu0/rsWwNn4CXrHzEvXAWjaPucUjL6utqCAJ9H6jhc+Fr4x3gWLGLcARGpLfWxKOBOt7zPupsnZophxCoDJT59d+/kVncJKcFaJdYPTZqMcwTgFwAXQj2g/boHzaa0On3/buRBrRH4Bo87rpxyI0Y9Z4VJ2xFg/fIMbYTH5BXSd12+Cz270Y4a3BKc8pzvzA9G20eYpD0Dk5fMcfpV1ef2q+ur32a4q6/swRj8ugEq4Cl0ZpuNAq0FwFDpv53O0C6AIpis45/cqNsYYG5wlrL/T9Kd/d5BmiooHwj4C8ATmeBGxvnfjku/eNkXvEFeHjvRugKx7GgY3YXyHG6si+vhtcW/bHJfJcdxMcY5jQtqH3ogp7ijT49ehY9JSPAEr8ffrnbpG6ZaY48nGiVflC8wdphd3A+Z41zyKaT11Sm38ymzUvIyerAugbS3IMGnqXeIAt78Fc7AOnoSXou8MGv8BRR9shfGK2+f8f8fJGLfrRPyPLRTnalNaOc+hF3/99KdFiqszU1teqKvHIJa/T2MnLzrGlfMwbnM9HfdBNz+PYVHyYpLxtXe6Xld3cGZvRsTU1N8UgruoWB5YuQAAAABJRU5ErkJggg==",2,,""
集采批次新,索引,"",,35,,0
集采批次新,采购文件发布时间,"",,30,,Long Date
集采批次新,采购首次公告/意见稿/药品目录,"",,23,,Long Date
集采批次结果新,国采批次/省联盟,"",,25,,""
集采批次结果新,标签,"",,4,,""
集采批次结果新,结果类别,"",,6,,""
集采数据新,drug_index,"",,43157,,0
集采数据新,key,"","data:image/jpeg;base64, iVBORw0KGgoAAAANSUhEUgAAAEAAAABACAYAAACqaXHeAAAAAXNSR0IArs4c6QAAAARnQU1BAACxjwv8YQUAAAAJcEhZcwAADsMAAA7DAcdvqGQAAAR/SURBVHhe7ZtpqG5TGICPeQoZUkIhEpJ/iigyZyrKfHFvKUTkhyEh0x9KIcqQefohQsQPGUJSSCRjIYQylHn2POeel2WdffZZ++x9v/19x37q6Z5v7bXWt/d7917Du8+ZGhgYGBgYGBhIOAPvX0Tuio14BP9aRC7BRtyLVR1NqkdhI4YAYNrBtWgnx06AR+OLmJ5/6wAcjJPE7Zief+sANO6gZ1qff97BQThJdH4HvIBV8+u4+hGm5986AJPuEABsxBAATDtosg6omof7bt86AE3XAfko3Hf71gFo2sGktx8CMAQA23QwBADT9kdiE9q2fwjT9r0H4FBswh1Y134VXHn5j5Vcgj9htG8awM4D8DzeifcUeBd+iFXtH8T78AhcE+vYHm9B27dOibUNQFd+jcfgGljKBXjc8h/LGccAvIqb4UJYe+bfYsYtAG/hJjgyug7ANWgfpfrMR9tv0ed5LvbAK9Gx4VY8HlfFVnQdgKYZpdsw2i6zoALviAfwY8wHzbOwFV0HYKHtX5r+NJsd8H38DrfADdE7Jb7PzVAr+g7A42i7Q6Y//Rcv9j30+OEWzHAYfoDv4O4WtKHvAJyIl6MLnpzY6r6BK1mQ4Gg/3/qgiL4DMBc74x9on5dZsKIY1wCYGYo+W9/mdXQdgC7eKzi1vY329zmujyuMrgNQ8l7hVKzD0f53tL9nLeiAfAz5h64DUOK5mLMnXoTn490Ydd+cKbsQL8Z9cTV01nADZIBuxrlWj9uhm6vXsHLKHHUA/kQHuBwv+jf8GdP6bnV/wTjmLvIVjAEydEW5OqY4dnyFab1ZjDoAn2HVDm8DdN5fF5/BqH8AOgZ4bD10YbQ3boOON19g1HV9EGyNP2AcU4M2i64DUJfXd6++F9axFn6K9vUlGpA6zsH4bh8J8Xl/Hb0r9kMfoSvQvcQsug5A298v2A2jr6csmIfN8Xu0/rsWwNn4CXrHzEvXAWjaPucUjL6utqCAJ9H6jhc+Fr4x3gWLGLcARGpLfWxKOBOt7zPupsnZophxCoDJT59d+/kVncJKcFaJdYPTZqMcwTgFwAXQj2g/boHzaa0On3/buRBrRH4Bo87rpxyI0Y9Z4VJ2xFg/fIMbYTH5BXSd12+Cz270Y4a3BKc8pzvzA9G20eYpD0Dk5fMcfpV1ef2q+ur32a4q6/swRj8ugEq4Cl0ZpuNAq0FwFDpv53O0C6AIpis45/cqNsYYG5wlrL/T9Kd/d5BmiooHwj4C8ATmeBGxvnfjku/eNkXvEFeHjvRugKx7GgY3YXyHG6si+vhtcW/bHJfJcdxMcY5jQtqH3ogp7ijT49ehY9JSPAEr8ffrnbpG6ZaY48nGiVflC8wdphd3A+Z41zyKaT11Sm38ymzUvIyerAugbS3IMGnqXeIAt78Fc7AOnoSXou8MGv8BRR9shfGK2+f8f8fJGLfrRPyPLRTnalNaOc+hF3/99KdFiqszU1teqKvHIJa/T2MnLzrGlfMwbnM9HfdBNz+PYVHyYpLxtXe6Xld3cGZvRsTU1N8UgruoWB5YuQAAAABJRU5ErkJggg==",74,,""
集采数据新,中选企业数,"",,13,,""
集采数据新,中选单价(元),"",,4435,,""
集采数据新,中选结果2,"","data:image/jpeg;base64, iVBORw0KGgoAAAANSUhEUgAAAEAAAABACAYAAACqaXHeAAAAAXNSR0IArs4c6QAAAARnQU1BAACxjwv8YQUAAAAJcEhZcwAADsMAAA7DAcdvqGQAAAR/SURBVHhe7ZtpqG5TGICPeQoZUkIhEpJ/iigyZyrKfHFvKUTkhyEh0x9KIcqQefohQsQPGUJSSCRjIYQylHn2POeel2WdffZZ++x9v/19x37q6Z5v7bXWt/d7917Du8+ZGhgYGBgYGBhIOAPvX0Tuio14BP9aRC7BRtyLVR1NqkdhI4YAYNrBtWgnx06AR+OLmJ5/6wAcjJPE7Zief+sANO6gZ1qff97BQThJdH4HvIBV8+u4+hGm5986AJPuEABsxBAATDtosg6omof7bt86AE3XAfko3Hf71gFo2sGktx8CMAQA23QwBADT9kdiE9q2fwjT9r0H4FBswh1Y134VXHn5j5Vcgj9htG8awM4D8DzeifcUeBd+iFXtH8T78AhcE+vYHm9B27dOibUNQFd+jcfgGljKBXjc8h/LGccAvIqb4UJYe+bfYsYtAG/hJjgyug7ANWgfpfrMR9tv0ed5LvbAK9Gx4VY8HlfFVnQdgKYZpdsw2i6zoALviAfwY8wHzbOwFV0HYKHtX5r+NJsd8H38DrfADdE7Jb7PzVAr+g7A42i7Q6Y//Rcv9j30+OEWzHAYfoDv4O4WtKHvAJyIl6MLnpzY6r6BK1mQ4Gg/3/qgiL4DMBc74x9on5dZsKIY1wCYGYo+W9/mdXQdgC7eKzi1vY329zmujyuMrgNQ8l7hVKzD0f53tL9nLeiAfAz5h64DUOK5mLMnXoTn490Ydd+cKbsQL8Z9cTV01nADZIBuxrlWj9uhm6vXsHLKHHUA/kQHuBwv+jf8GdP6bnV/wTjmLvIVjAEydEW5OqY4dnyFab1ZjDoAn2HVDm8DdN5fF5/BqH8AOgZ4bD10YbQ3boOON19g1HV9EGyNP2AcU4M2i64DUJfXd6++F9axFn6K9vUlGpA6zsH4bh8J8Xl/Hb0r9kMfoSvQvcQsug5A298v2A2jr6csmIfN8Xu0/rsWwNn4CXrHzEvXAWjaPucUjL6utqCAJ9H6jhc+Fr4x3gWLGLcARGpLfWxKOBOt7zPupsnZophxCoDJT59d+/kVncJKcFaJdYPTZqMcwTgFwAXQj2g/boHzaa0On3/buRBrRH4Bo87rpxyI0Y9Z4VJ2xFg/fIMbYTH5BXSd12+Cz270Y4a3BKc8pzvzA9G20eYpD0Dk5fMcfpV1ef2q+ur32a4q6/swRj8ugEq4Cl0ZpuNAq0FwFDpv53O0C6AIpis45/cqNsYYG5wlrL/T9Kd/d5BmiooHwj4C8ATmeBGxvnfjku/eNkXvEFeHjvRugKx7GgY3YXyHG6si+vhtcW/bHJfJcdxMcY5jQtqH3ogp7ijT49ehY9JSPAEr8ffrnbpG6ZaY48nGiVflC8wdphd3A+Z41zyKaT11Sm38ymzUvIyerAugbS3IMGnqXeIAt78Fc7AOnoSXou8MGv8BRR9shfGK2+f8f8fJGLfrRPyPLRTnalNaOc+hF3/99KdFiqszU1teqKvHIJa/T2MnLzrGlfMwbnM9HfdBNz+PYVHyYpLxtXe6Xld3cGZvRsTU1N8UgruoWB5YuQAAAABJRU5ErkJggg==",2,,""
集采数据新,参与集采联盟,"",,24,,""
集采数据新,品种,"","data:image/jpeg;base64, iVBORw0KGgoAAAANSUhEUgAAAEAAAABACAYAAACqaXHeAAAAAXNSR0IArs4c6QAAAARnQU1BAACxjwv8YQUAAAAJcEhZcwAADsMAAA7DAcdvqGQAAAR/SURBVHhe7ZtpqG5TGICPeQoZUkIhEpJ/iigyZyrKfHFvKUTkhyEh0x9KIcqQefohQsQPGUJSSCRjIYQylHn2POeel2WdffZZ++x9v/19x37q6Z5v7bXWt/d7917Du8+ZGhgYGBgYGBhIOAPvX0Tuio14BP9aRC7BRtyLVR1NqkdhI4YAYNrBtWgnx06AR+OLmJ5/6wAcjJPE7Zief+sANO6gZ1qff97BQThJdH4HvIBV8+u4+hGm5986AJPuEABsxBAATDtosg6omof7bt86AE3XAfko3Hf71gFo2sGktx8CMAQA23QwBADT9kdiE9q2fwjT9r0H4FBswh1Y134VXHn5j5Vcgj9htG8awM4D8DzeifcUeBd+iFXtH8T78AhcE+vYHm9B27dOibUNQFd+jcfgGljKBXjc8h/LGccAvIqb4UJYe+bfYsYtAG/hJjgyug7ANWgfpfrMR9tv0ed5LvbAK9Gx4VY8HlfFVnQdgKYZpdsw2i6zoALviAfwY8wHzbOwFV0HYKHtX5r+NJsd8H38DrfADdE7Jb7PzVAr+g7A42i7Q6Y//Rcv9j30+OEWzHAYfoDv4O4WtKHvAJyIl6MLnpzY6r6BK1mQ4Gg/3/qgiL4DMBc74x9on5dZsKIY1wCYGYo+W9/mdXQdgC7eKzi1vY329zmujyuMrgNQ8l7hVKzD0f53tL9nLeiAfAz5h64DUOK5mLMnXoTn490Ydd+cKbsQL8Z9cTV01nADZIBuxrlWj9uhm6vXsHLKHHUA/kQHuBwv+jf8GdP6bnV/wTjmLvIVjAEydEW5OqY4dnyFab1ZjDoAn2HVDm8DdN5fF5/BqH8AOgZ4bD10YbQ3boOON19g1HV9EGyNP2AcU4M2i64DUJfXd6++F9axFn6K9vUlGpA6zsH4bh8J8Xl/Hb0r9kMfoSvQvcQsug5A298v2A2jr6csmIfN8Xu0/rsWwNn4CXrHzEvXAWjaPucUjL6utqCAJ9H6jhc+Fr4x3gWLGLcARGpLfWxKOBOt7zPupsnZophxCoDJT59d+/kVncJKcFaJdYPTZqMcwTgFwAXQj2g/boHzaa0On3/buRBrRH4Bo87rpxyI0Y9Z4VJ2xFg/fIMbYTH5BXSd12+Cz270Y4a3BKc8pzvzA9G20eYpD0Dk5fMcfpV1ef2q+ur32a4q6/swRj8ugEq4Cl0ZpuNAq0FwFDpv53O0C6AIpis45/cqNsYYG5wlrL/T9Kd/d5BmiooHwj4C8ATmeBGxvnfjku/eNkXvEFeHjvRugKx7GgY3YXyHG6si+vhtcW/bHJfJcdxMcY5jQtqH3ogp7ijT49ehY9JSPAEr8ffrnbpG6ZaY48nGiVflC8wdphd3A+Z41zyKaT11Sm38ymzUvIyerAugbS3IMGnqXeIAt78Fc7AOnoSXou8MGv8BRR9shfGK2+f8f8fJGLfrRPyPLRTnalNaOc+hF3/99KdFiqszU1teqKvHIJa/T2MnLzrGlfMwbnM9HfdBNz+PYVHyYpLxtXe6Xld3cGZvRsTU1N8UgruoWB5YuQAAAABJRU5ErkJggg==",829,,""
集采数据新,国采/省联盟续签标签,"",,5,,""
集采数据新,国采批次/省联盟,"",,25,,""
集采数据新,备注,"",,31,,""
集采数据新,执行时间,"",,145,,Long Date
集采数据新,执行时间新,"","data:image/jpeg;base64, iVBORw0KGgoAAAANSUhEUgAAAEAAAABACAYAAACqaXHeAAAAAXNSR0IArs4c6QAAAARnQU1BAACxjwv8YQUAAAAJcEhZcwAADsMAAA7DAcdvqGQAAAR/SURBVHhe7ZtpqG5TGICPeQoZUkIhEpJ/iigyZyrKfHFvKUTkhyEh0x9KIcqQefohQsQPGUJSSCRjIYQylHn2POeel2WdffZZ++x9v/19x37q6Z5v7bXWt/d7917Du8+ZGhgYGBgYGBhIOAPvX0Tuio14BP9aRC7BRtyLVR1NqkdhI4YAYNrBtWgnx06AR+OLmJ5/6wAcjJPE7Zief+sANO6gZ1qff97BQThJdH4HvIBV8+u4+hGm5986AJPuEABsxBAATDtosg6omof7bt86AE3XAfko3Hf71gFo2sGktx8CMAQA23QwBADT9kdiE9q2fwjT9r0H4FBswh1Y134VXHn5j5Vcgj9htG8awM4D8DzeifcUeBd+iFXtH8T78AhcE+vYHm9B27dOibUNQFd+jcfgGljKBXjc8h/LGccAvIqb4UJYe+bfYsYtAG/hJjgyug7ANWgfpfrMR9tv0ed5LvbAK9Gx4VY8HlfFVnQdgKYZpdsw2i6zoALviAfwY8wHzbOwFV0HYKHtX5r+NJsd8H38DrfADdE7Jb7PzVAr+g7A42i7Q6Y//Rcv9j30+OEWzHAYfoDv4O4WtKHvAJyIl6MLnpzY6r6BK1mQ4Gg/3/qgiL4DMBc74x9on5dZsKIY1wCYGYo+W9/mdXQdgC7eKzi1vY329zmujyuMrgNQ8l7hVKzD0f53tL9nLeiAfAz5h64DUOK5mLMnXoTn490Ydd+cKbsQL8Z9cTV01nADZIBuxrlWj9uhm6vXsHLKHHUA/kQHuBwv+jf8GdP6bnV/wTjmLvIVjAEydEW5OqY4dnyFab1ZjDoAn2HVDm8DdN5fF5/BqH8AOgZ4bD10YbQ3boOON19g1HV9EGyNP2AcU4M2i64DUJfXd6++F9axFn6K9vUlGpA6zsH4bh8J8Xl/Hb0r9kMfoSvQvcQsug5A298v2A2jr6csmIfN8Xu0/rsWwNn4CXrHzEvXAWjaPucUjL6utqCAJ9H6jhc+Fr4x3gWLGLcARGpLfWxKOBOt7zPupsnZophxCoDJT59d+/kVncJKcFaJdYPTZqMcwTgFwAXQj2g/boHzaa0On3/buRBrRH4Bo87rpxyI0Y9Z4VJ2xFg/fIMbYTH5BXSd12+Cz270Y4a3BKc8pzvzA9G20eYpD0Dk5fMcfpV1ef2q+ur32a4q6/swRj8ugEq4Cl0ZpuNAq0FwFDpv53O0C6AIpis45/cqNsYYG5wlrL/T9Kd/d5BmiooHwj4C8ATmeBGxvnfjku/eNkXvEFeHjvRugKx7GgY3YXyHG6si+vhtcW/bHJfJcdxMcY5jQtqH3ogp7ijT49ehY9JSPAEr8ffrnbpG6ZaY48nGiVflC8wdphd3A+Z41zyKaT11Sm38ymzUvIyerAugbS3IMGnqXeIAt78Fc7AOnoSXou8MGv8BRR9shfGK2+f8f8fJGLfrRPyPLRTnalNaOc+hF3/99KdFiqszU1teqKvHIJa/T2MnLzrGlfMwbnM9HfdBNz+PYVHyYpLxtXe6Xld3cGZvRsTU1N8UgruoWB5YuQAAAABJRU5ErkJggg==",145,,Long Date
集采数据新,拟中选结果时间,"",,36,,""
集采数据新,最高有效申报价(元/片),"",,1647,,""
集采数据新,标签,"",,4,,""
集采数据新,状态,"","data:image/jpeg;base64, iVBORw0KGgoAAAANSUhEUgAAAEAAAABACAYAAACqaXHeAAAAAXNSR0IArs4c6QAAAARnQU1BAACxjwv8YQUAAAAJcEhZcwAADsMAAA7DAcdvqGQAAAR/SURBVHhe7ZtpqG5TGICPeQoZUkIhEpJ/iigyZyrKfHFvKUTkhyEh0x9KIcqQefohQsQPGUJSSCRjIYQylHn2POeel2WdffZZ++x9v/19x37q6Z5v7bXWt/d7917Du8+ZGhgYGBgYGBhIOAPvX0Tuio14BP9aRC7BRtyLVR1NqkdhI4YAYNrBtWgnx06AR+OLmJ5/6wAcjJPE7Zief+sANO6gZ1qff97BQThJdH4HvIBV8+u4+hGm5986AJPuEABsxBAATDtosg6omof7bt86AE3XAfko3Hf71gFo2sGktx8CMAQA23QwBADT9kdiE9q2fwjT9r0H4FBswh1Y134VXHn5j5Vcgj9htG8awM4D8DzeifcUeBd+iFXtH8T78AhcE+vYHm9B27dOibUNQFd+jcfgGljKBXjc8h/LGccAvIqb4UJYe+bfYsYtAG/hJjgyug7ANWgfpfrMR9tv0ed5LvbAK9Gx4VY8HlfFVnQdgKYZpdsw2i6zoALviAfwY8wHzbOwFV0HYKHtX5r+NJsd8H38DrfADdE7Jb7PzVAr+g7A42i7Q6Y//Rcv9j30+OEWzHAYfoDv4O4WtKHvAJyIl6MLnpzY6r6BK1mQ4Gg/3/qgiL4DMBc74x9on5dZsKIY1wCYGYo+W9/mdXQdgC7eKzi1vY329zmujyuMrgNQ8l7hVKzD0f53tL9nLeiAfAz5h64DUOK5mLMnXoTn490Ydd+cKbsQL8Z9cTV01nADZIBuxrlWj9uhm6vXsHLKHHUA/kQHuBwv+jf8GdP6bnV/wTjmLvIVjAEydEW5OqY4dnyFab1ZjDoAn2HVDm8DdN5fF5/BqH8AOgZ4bD10YbQ3boOON19g1HV9EGyNP2AcU4M2i64DUJfXd6++F9axFn6K9vUlGpA6zsH4bh8J8Xl/Hb0r9kMfoSvQvcQsug5A298v2A2jr6csmIfN8Xu0/rsWwNn4CXrHzEvXAWjaPucUjL6utqCAJ9H6jhc+Fr4x3gWLGLcARGpLfWxKOBOt7zPupsnZophxCoDJT59d+/kVncJKcFaJdYPTZqMcwTgFwAXQj2g/boHzaa0On3/buRBrRH4Bo87rpxyI0Y9Z4VJ2xFg/fIMbYTH5BXSd12+Cz270Y4a3BKc8pzvzA9G20eYpD0Dk5fMcfpV1ef2q+ur32a4q6/swRj8ugEq4Cl0ZpuNAq0FwFDpv53O0C6AIpis45/cqNsYYG5wlrL/T9Kd/d5BmiooHwj4C8ATmeBGxvnfjku/eNkXvEFeHjvRugKx7GgY3YXyHG6si+vhtcW/bHJfJcdxMcY5jQtqH3ogp7ijT49ehY9JSPAEr8ffrnbpG6ZaY48nGiVflC8wdphd3A+Z41zyKaT11Sm38ymzUvIyerAugbS3IMGnqXeIAt78Fc7AOnoSXou8MGv8BRR9shfGK2+f8f8fJGLfrRPyPLRTnalNaOc+hF3/99KdFiqszU1teqKvHIJa/T2MnLzrGlfMwbnM9HfdBNz+PYVHyYpLxtXe6Xld3cGZvRsTU1N8UgruoWB5YuQAAAABJRU5ErkJggg==",2,,0
集采数据新,状态2,"","data:image/jpeg;base64, iVBORw0KGgoAAAANSUhEUgAAAEAAAABACAYAAACqaXHeAAAAAXNSR0IArs4c6QAAAARnQU1BAACxjwv8YQUAAAAJcEhZcwAADsMAAA7DAcdvqGQAAAR/SURBVHhe7ZtpqG5TGICPeQoZUkIhEpJ/iigyZyrKfHFvKUTkhyEh0x9KIcqQefohQsQPGUJSSCRjIYQylHn2POeel2WdffZZ++x9v/19x37q6Z5v7bXWt/d7917Du8+ZGhgYGBgYGBhIOAPvX0Tuio14BP9aRC7BRtyLVR1NqkdhI4YAYNrBtWgnx06AR+OLmJ5/6wAcjJPE7Zief+sANO6gZ1qff97BQThJdH4HvIBV8+u4+hGm5986AJPuEABsxBAATDtosg6omof7bt86AE3XAfko3Hf71gFo2sGktx8CMAQA23QwBADT9kdiE9q2fwjT9r0H4FBswh1Y134VXHn5j5Vcgj9htG8awM4D8DzeifcUeBd+iFXtH8T78AhcE+vYHm9B27dOibUNQFd+jcfgGljKBXjc8h/LGccAvIqb4UJYe+bfYsYtAG/hJjgyug7ANWgfpfrMR9tv0ed5LvbAK9Gx4VY8HlfFVnQdgKYZpdsw2i6zoALviAfwY8wHzbOwFV0HYKHtX5r+NJsd8H38DrfADdE7Jb7PzVAr+g7A42i7Q6Y//Rcv9j30+OEWzHAYfoDv4O4WtKHvAJyIl6MLnpzY6r6BK1mQ4Gg/3/qgiL4DMBc74x9on5dZsKIY1wCYGYo+W9/mdXQdgC7eKzi1vY329zmujyuMrgNQ8l7hVKzD0f53tL9nLeiAfAz5h64DUOK5mLMnXoTn490Ydd+cKbsQL8Z9cTV01nADZIBuxrlWj9uhm6vXsHLKHHUA/kQHuBwv+jf8GdP6bnV/wTjmLvIVjAEydEW5OqY4dnyFab1ZjDoAn2HVDm8DdN5fF5/BqH8AOgZ4bD10YbQ3boOON19g1HV9EGyNP2AcU4M2i64DUJfXd6++F9axFn6K9vUlGpA6zsH4bh8J8Xl/Hb0r9kMfoSvQvcQsug5A298v2A2jr6csmIfN8Xu0/rsWwNn4CXrHzEvXAWjaPucUjL6utqCAJ9H6jhc+Fr4x3gWLGLcARGpLfWxKOBOt7zPupsnZophxCoDJT59d+/kVncJKcFaJdYPTZqMcwTgFwAXQj2g/boHzaa0On3/buRBrRH4Bo87rpxyI0Y9Z4VJ2xFg/fIMbYTH5BXSd12+Cz270Y4a3BKc8pzvzA9G20eYpD0Dk5fMcfpV1ef2q+ur32a4q6/swRj8ugEq4Cl0ZpuNAq0FwFDpv53O0C6AIpis45/cqNsYYG5wlrL/T9Kd/d5BmiooHwj4C8ATmeBGxvnfjku/eNkXvEFeHjvRugKx7GgY3YXyHG6si+vhtcW/bHJfJcdxMcY5jQtqH3ogp7ijT49ehY9JSPAEr8ffrnbpG6ZaY48nGiVflC8wdphd3A+Z41zyKaT11Sm38ymzUvIyerAugbS3IMGnqXeIAt78Fc7AOnoSXou8MGv8BRR9shfGK2+f8f8fJGLfrRPyPLRTnalNaOc+hF3/99KdFiqszU1teqKvHIJa/T2MnLzrGlfMwbnM9HfdBNz+PYVHyYpLxtXe6Xld3cGZvRsTU1N8UgruoWB5YuQAAAABJRU5ErkJggg==",2,,0
集采数据新,省份,"",,39,,""
集采数据新,省份新,"",,39,,""
集采数据新,结束时间,"",,19,,Long Date
集采数据新,结果排序,"",,6,,0
集采数据新,结果类别,"",,6,结果排序,""
集采数据新,结果类别排序,"","data:image/jpeg;base64, iVBORw0KGgoAAAANSUhEUgAAAEAAAABACAYAAACqaXHeAAAAAXNSR0IArs4c6QAAAARnQU1BAACxjwv8YQUAAAAJcEhZcwAADsMAAA7DAcdvqGQAAAR/SURBVHhe7ZtpqG5TGICPeQoZUkIhEpJ/iigyZyrKfHFvKUTkhyEh0x9KIcqQefohQsQPGUJSSCRjIYQylHn2POeel2WdffZZ++x9v/19x37q6Z5v7bXWt/d7917Du8+ZGhgYGBgYGBhIOAPvX0Tuio14BP9aRC7BRtyLVR1NqkdhI4YAYNrBtWgnx06AR+OLmJ5/6wAcjJPE7Zief+sANO6gZ1qff97BQThJdH4HvIBV8+u4+hGm5986AJPuEABsxBAATDtosg6omof7bt86AE3XAfko3Hf71gFo2sGktx8CMAQA23QwBADT9kdiE9q2fwjT9r0H4FBswh1Y134VXHn5j5Vcgj9htG8awM4D8DzeifcUeBd+iFXtH8T78AhcE+vYHm9B27dOibUNQFd+jcfgGljKBXjc8h/LGccAvIqb4UJYe+bfYsYtAG/hJjgyug7ANWgfpfrMR9tv0ed5LvbAK9Gx4VY8HlfFVnQdgKYZpdsw2i6zoALviAfwY8wHzbOwFV0HYKHtX5r+NJsd8H38DrfADdE7Jb7PzVAr+g7A42i7Q6Y//Rcv9j30+OEWzHAYfoDv4O4WtKHvAJyIl6MLnpzY6r6BK1mQ4Gg/3/qgiL4DMBc74x9on5dZsKIY1wCYGYo+W9/mdXQdgC7eKzi1vY329zmujyuMrgNQ8l7hVKzD0f53tL9nLeiAfAz5h64DUOK5mLMnXoTn490Ydd+cKbsQL8Z9cTV01nADZIBuxrlWj9uhm6vXsHLKHHUA/kQHuBwv+jf8GdP6bnV/wTjmLvIVjAEydEW5OqY4dnyFab1ZjDoAn2HVDm8DdN5fF5/BqH8AOgZ4bD10YbQ3boOON19g1HV9EGyNP2AcU4M2i64DUJfXd6++F9axFn6K9vUlGpA6zsH4bh8J8Xl/Hb0r9kMfoSvQvcQsug5A298v2A2jr6csmIfN8Xu0/rsWwNn4CXrHzEvXAWjaPucUjL6utqCAJ9H6jhc+Fr4x3gWLGLcARGpLfWxKOBOt7zPupsnZophxCoDJT59d+/kVncJKcFaJdYPTZqMcwTgFwAXQj2g/boHzaa0On3/buRBrRH4Bo87rpxyI0Y9Z4VJ2xFg/fIMbYTH5BXSd12+Cz270Y4a3BKc8pzvzA9G20eYpD0Dk5fMcfpV1ef2q+ur32a4q6/swRj8ugEq4Cl0ZpuNAq0FwFDpv53O0C6AIpis45/cqNsYYG5wlrL/T9Kd/d5BmiooHwj4C8ATmeBGxvnfjku/eNkXvEFeHjvRugKx7GgY3YXyHG6si+vhtcW/bHJfJcdxMcY5jQtqH3ogp7ijT49ehY9JSPAEr8ffrnbpG6ZaY48nGiVflC8wdphd3A+Z41zyKaT11Sm38ymzUvIyerAugbS3IMGnqXeIAt78Fc7AOnoSXou8MGv8BRR9shfGK2+f8f8fJGLfrRPyPLRTnalNaOc+hF3/99KdFiqszU1teqKvHIJa/T2MnLzrGlfMwbnM9HfdBNz+PYVHyYpLxtXe6Xld3cGZvRsTU1N8UgruoWB5YuQAAAABJRU5ErkJggg==",6,,0
集采数据新,药品名称N,"",,1008,,""
集采数据新,采购周期,"",,10,,""
集采数据新,采购量系数,"",,31,,""
集采数据新,降幅,"",,4533,,""
集采数据新,集团,"","data:image/jpeg;base64, iVBORw0KGgoAAAANSUhEUgAAAEAAAABACAYAAACqaXHeAAAAAXNSR0IArs4c6QAAAARnQU1BAACxjwv8YQUAAAAJcEhZcwAADsMAAA7DAcdvqGQAAAR/SURBVHhe7ZtpqG5TGICPeQoZUkIhEpJ/iigyZyrKfHFvKUTkhyEh0x9KIcqQefohQsQPGUJSSCRjIYQylHn2POeel2WdffZZ++x9v/19x37q6Z5v7bXWt/d7917Du8+ZGhgYGBgYGBhIOAPvX0Tuio14BP9aRC7BRtyLVR1NqkdhI4YAYNrBtWgnx06AR+OLmJ5/6wAcjJPE7Zief+sANO6gZ1qff97BQThJdH4HvIBV8+u4+hGm5986AJPuEABsxBAATDtosg6omof7bt86AE3XAfko3Hf71gFo2sGktx8CMAQA23QwBADT9kdiE9q2fwjT9r0H4FBswh1Y134VXHn5j5Vcgj9htG8awM4D8DzeifcUeBd+iFXtH8T78AhcE+vYHm9B27dOibUNQFd+jcfgGljKBXjc8h/LGccAvIqb4UJYe+bfYsYtAG/hJjgyug7ANWgfpfrMR9tv0ed5LvbAK9Gx4VY8HlfFVnQdgKYZpdsw2i6zoALviAfwY8wHzbOwFV0HYKHtX5r+NJsd8H38DrfADdE7Jb7PzVAr+g7A42i7Q6Y//Rcv9j30+OEWzHAYfoDv4O4WtKHvAJyIl6MLnpzY6r6BK1mQ4Gg/3/qgiL4DMBc74x9on5dZsKIY1wCYGYo+W9/mdXQdgC7eKzi1vY329zmujyuMrgNQ8l7hVKzD0f53tL9nLeiAfAz5h64DUOK5mLMnXoTn490Ydd+cKbsQL8Z9cTV01nADZIBuxrlWj9uhm6vXsHLKHHUA/kQHuBwv+jf8GdP6bnV/wTjmLvIVjAEydEW5OqY4dnyFab1ZjDoAn2HVDm8DdN5fF5/BqH8AOgZ4bD10YbQ3boOON19g1HV9EGyNP2AcU4M2i64DUJfXd6++F9axFn6K9vUlGpA6zsH4bh8J8Xl/Hb0r9kMfoSvQvcQsug5A298v2A2jr6csmIfN8Xu0/rsWwNn4CXrHzEvXAWjaPucUjL6utqCAJ9H6jhc+Fr4x3gWLGLcARGpLfWxKOBOt7zPupsnZophxCoDJT59d+/kVncJKcFaJdYPTZqMcwTgFwAXQj2g/boHzaa0On3/buRBrRH4Bo87rpxyI0Y9Z4VJ2xFg/fIMbYTH5BXSd12+Cz270Y4a3BKc8pzvzA9G20eYpD0Dk5fMcfpV1ef2q+ur32a4q6/swRj8ugEq4Cl0ZpuNAq0FwFDpv53O0C6AIpis45/cqNsYYG5wlrL/T9Kd/d5BmiooHwj4C8ATmeBGxvnfjku/eNkXvEFeHjvRugKx7GgY3YXyHG6si+vhtcW/bHJfJcdxMcY5jQtqH3ogp7ijT49ehY9JSPAEr8ffrnbpG6ZaY48nGiVflC8wdphd3A+Z41zyKaT11Sm38ymzUvIyerAugbS3IMGnqXeIAt78Fc7AOnoSXou8MGv8BRR9shfGK2+f8f8fJGLfrRPyPLRTnalNaOc+hF3/99KdFiqszU1teqKvHIJa/T2MnLzrGlfMwbnM9HfdBNz+PYVHyYpLxtXe6Xld3cGZvRsTU1N8UgruoWB5YuQAAAABJRU5ErkJggg==",2611,,""
集采数据新,集采等级标签,"",,5,,""
集采数据新,首年约定采购量,"",,11630,,""
集采数据新,首年约定采购量计算基数(万片),"",,11421,,""
集采药品品种,a,"",,1,,0
集采药品品种,使用说明备注,"",,2,,""
集采药品品种,医保合并剂型,"",,22,,""
集采药品品种,标准表原剂型formulation,"",,277,,""
靶点,层级,"","data:image/jpeg;base64, iVBORw0KGgoAAAANSUhEUgAAAEAAAABACAYAAACqaXHeAAAAAXNSR0IArs4c6QAAAARnQU1BAACxjwv8YQUAAAAJcEhZcwAADsMAAA7DAcdvqGQAAAR/SURBVHhe7ZtpqG5TGICPeQoZUkIhEpJ/iigyZyrKfHFvKUTkhyEh0x9KIcqQefohQsQPGUJSSCRjIYQylHn2POeel2WdffZZ++x9v/19x37q6Z5v7bXWt/d7917Du8+ZGhgYGBgYGBhIOAPvX0Tuio14BP9aRC7BRtyLVR1NqkdhI4YAYNrBtWgnx06AR+OLmJ5/6wAcjJPE7Zief+sANO6gZ1qff97BQThJdH4HvIBV8+u4+hGm5986AJPuEABsxBAATDtosg6omof7bt86AE3XAfko3Hf71gFo2sGktx8CMAQA23QwBADT9kdiE9q2fwjT9r0H4FBswh1Y134VXHn5j5Vcgj9htG8awM4D8DzeifcUeBd+iFXtH8T78AhcE+vYHm9B27dOibUNQFd+jcfgGljKBXjc8h/LGccAvIqb4UJYe+bfYsYtAG/hJjgyug7ANWgfpfrMR9tv0ed5LvbAK9Gx4VY8HlfFVnQdgKYZpdsw2i6zoALviAfwY8wHzbOwFV0HYKHtX5r+NJsd8H38DrfADdE7Jb7PzVAr+g7A42i7Q6Y//Rcv9j30+OEWzHAYfoDv4O4WtKHvAJyIl6MLnpzY6r6BK1mQ4Gg/3/qgiL4DMBc74x9on5dZsKIY1wCYGYo+W9/mdXQdgC7eKzi1vY329zmujyuMrgNQ8l7hVKzD0f53tL9nLeiAfAz5h64DUOK5mLMnXoTn490Ydd+cKbsQL8Z9cTV01nADZIBuxrlWj9uhm6vXsHLKHHUA/kQHuBwv+jf8GdP6bnV/wTjmLvIVjAEydEW5OqY4dnyFab1ZjDoAn2HVDm8DdN5fF5/BqH8AOgZ4bD10YbQ3boOON19g1HV9EGyNP2AcU4M2i64DUJfXd6++F9axFn6K9vUlGpA6zsH4bh8J8Xl/Hb0r9kMfoSvQvcQsug5A298v2A2jr6csmIfN8Xu0/rsWwNn4CXrHzEvXAWjaPucUjL6utqCAJ9H6jhc+Fr4x3gWLGLcARGpLfWxKOBOt7zPupsnZophxCoDJT59d+/kVncJKcFaJdYPTZqMcwTgFwAXQj2g/boHzaa0On3/buRBrRH4Bo87rpxyI0Y9Z4VJ2xFg/fIMbYTH5BXSd12+Cz270Y4a3BKc8pzvzA9G20eYpD0Dk5fMcfpV1ef2q+ur32a4q6/swRj8ugEq4Cl0ZpuNAq0FwFDpv53O0C6AIpis45/cqNsYYG5wlrL/T9Kd/d5BmiooHwj4C8ATmeBGxvnfjku/eNkXvEFeHjvRugKx7GgY3YXyHG6si+vhtcW/bHJfJcdxMcY5jQtqH3ogp7ijT49ehY9JSPAEr8ffrnbpG6ZaY48nGiVflC8wdphd3A+Z41zyKaT11Sm38ymzUvIyerAugbS3IMGnqXeIAt78Fc7AOnoSXou8MGv8BRR9shfGK2+f8f8fJGLfrRPyPLRTnalNaOc+hF3/99KdFiqszU1teqKvHIJa/T2MnLzrGlfMwbnM9HfdBNz+PYVHyYpLxtXe6Xld3cGZvRsTU1N8UgruoWB5YuQAAAABJRU5ErkJggg==",0,,""
靶点,层级1,"","data:image/jpeg;base64, iVBORw0KGgoAAAANSUhEUgAAAEAAAABACAYAAACqaXHeAAAAAXNSR0IArs4c6QAAAARnQU1BAACxjwv8YQUAAAAJcEhZcwAADsMAAA7DAcdvqGQAAAR/SURBVHhe7ZtpqG5TGICPeQoZUkIhEpJ/iigyZyrKfHFvKUTkhyEh0x9KIcqQefohQsQPGUJSSCRjIYQylHn2POeel2WdffZZ++x9v/19x37q6Z5v7bXWt/d7917Du8+ZGhgYGBgYGBhIOAPvX0Tuio14BP9aRC7BRtyLVR1NqkdhI4YAYNrBtWgnx06AR+OLmJ5/6wAcjJPE7Zief+sANO6gZ1qff97BQThJdH4HvIBV8+u4+hGm5986AJPuEABsxBAATDtosg6omof7bt86AE3XAfko3Hf71gFo2sGktx8CMAQA23QwBADT9kdiE9q2fwjT9r0H4FBswh1Y134VXHn5j5Vcgj9htG8awM4D8DzeifcUeBd+iFXtH8T78AhcE+vYHm9B27dOibUNQFd+jcfgGljKBXjc8h/LGccAvIqb4UJYe+bfYsYtAG/hJjgyug7ANWgfpfrMR9tv0ed5LvbAK9Gx4VY8HlfFVnQdgKYZpdsw2i6zoALviAfwY8wHzbOwFV0HYKHtX5r+NJsd8H38DrfADdE7Jb7PzVAr+g7A42i7Q6Y//Rcv9j30+OEWzHAYfoDv4O4WtKHvAJyIl6MLnpzY6r6BK1mQ4Gg/3/qgiL4DMBc74x9on5dZsKIY1wCYGYo+W9/mdXQdgC7eKzi1vY329zmujyuMrgNQ8l7hVKzD0f53tL9nLeiAfAz5h64DUOK5mLMnXoTn490Ydd+cKbsQL8Z9cTV01nADZIBuxrlWj9uhm6vXsHLKHHUA/kQHuBwv+jf8GdP6bnV/wTjmLvIVjAEydEW5OqY4dnyFab1ZjDoAn2HVDm8DdN5fF5/BqH8AOgZ4bD10YbQ3boOON19g1HV9EGyNP2AcU4M2i64DUJfXd6++F9axFn6K9vUlGpA6zsH4bh8J8Xl/Hb0r9kMfoSvQvcQsug5A298v2A2jr6csmIfN8Xu0/rsWwNn4CXrHzEvXAWjaPucUjL6utqCAJ9H6jhc+Fr4x3gWLGLcARGpLfWxKOBOt7zPupsnZophxCoDJT59d+/kVncJKcFaJdYPTZqMcwTgFwAXQj2g/boHzaa0On3/buRBrRH4Bo87rpxyI0Y9Z4VJ2xFg/fIMbYTH5BXSd12+Cz270Y4a3BKc8pzvzA9G20eYpD0Dk5fMcfpV1ef2q+ur32a4q6/swRj8ugEq4Cl0ZpuNAq0FwFDpv53O0C6AIpis45/cqNsYYG5wlrL/T9Kd/d5BmiooHwj4C8ATmeBGxvnfjku/eNkXvEFeHjvRugKx7GgY3YXyHG6si+vhtcW/bHJfJcdxMcY5jQtqH3ogp7ijT49ehY9JSPAEr8ffrnbpG6ZaY48nGiVflC8wdphd3A+Z41zyKaT11Sm38ymzUvIyerAugbS3IMGnqXeIAt78Fc7AOnoSXou8MGv8BRR9shfGK2+f8f8fJGLfrRPyPLRTnalNaOc+hF3/99KdFiqszU1teqKvHIJa/T2MnLzrGlfMwbnM9HfdBNz+PYVHyYpLxtXe6Xld3cGZvRsTU1N8UgruoWB5YuQAAAABJRU5ErkJggg==",0,,""
靶点,层级2,"","data:image/jpeg;base64, iVBORw0KGgoAAAANSUhEUgAAAEAAAABACAYAAACqaXHeAAAAAXNSR0IArs4c6QAAAARnQU1BAACxjwv8YQUAAAAJcEhZcwAADsMAAA7DAcdvqGQAAAR/SURBVHhe7ZtpqG5TGICPeQoZUkIhEpJ/iigyZyrKfHFvKUTkhyEh0x9KIcqQefohQsQPGUJSSCRjIYQylHn2POeel2WdffZZ++x9v/19x37q6Z5v7bXWt/d7917Du8+ZGhgYGBgYGBhIOAPvX0Tuio14BP9aRC7BRtyLVR1NqkdhI4YAYNrBtWgnx06AR+OLmJ5/6wAcjJPE7Zief+sANO6gZ1qff97BQThJdH4HvIBV8+u4+hGm5986AJPuEABsxBAATDtosg6omof7bt86AE3XAfko3Hf71gFo2sGktx8CMAQA23QwBADT9kdiE9q2fwjT9r0H4FBswh1Y134VXHn5j5Vcgj9htG8awM4D8DzeifcUeBd+iFXtH8T78AhcE+vYHm9B27dOibUNQFd+jcfgGljKBXjc8h/LGccAvIqb4UJYe+bfYsYtAG/hJjgyug7ANWgfpfrMR9tv0ed5LvbAK9Gx4VY8HlfFVnQdgKYZpdsw2i6zoALviAfwY8wHzbOwFV0HYKHtX5r+NJsd8H38DrfADdE7Jb7PzVAr+g7A42i7Q6Y//Rcv9j30+OEWzHAYfoDv4O4WtKHvAJyIl6MLnpzY6r6BK1mQ4Gg/3/qgiL4DMBc74x9on5dZsKIY1wCYGYo+W9/mdXQdgC7eKzi1vY329zmujyuMrgNQ8l7hVKzD0f53tL9nLeiAfAz5h64DUOK5mLMnXoTn490Ydd+cKbsQL8Z9cTV01nADZIBuxrlWj9uhm6vXsHLKHHUA/kQHuBwv+jf8GdP6bnV/wTjmLvIVjAEydEW5OqY4dnyFab1ZjDoAn2HVDm8DdN5fF5/BqH8AOgZ4bD10YbQ3boOON19g1HV9EGyNP2AcU4M2i64DUJfXd6++F9axFn6K9vUlGpA6zsH4bh8J8Xl/Hb0r9kMfoSvQvcQsug5A298v2A2jr6csmIfN8Xu0/rsWwNn4CXrHzEvXAWjaPucUjL6utqCAJ9H6jhc+Fr4x3gWLGLcARGpLfWxKOBOt7zPupsnZophxCoDJT59d+/kVncJKcFaJdYPTZqMcwTgFwAXQj2g/boHzaa0On3/buRBrRH4Bo87rpxyI0Y9Z4VJ2xFg/fIMbYTH5BXSd12+Cz270Y4a3BKc8pzvzA9G20eYpD0Dk5fMcfpV1ef2q+ur32a4q6/swRj8ugEq4Cl0ZpuNAq0FwFDpv53O0C6AIpis45/cqNsYYG5wlrL/T9Kd/d5BmiooHwj4C8ATmeBGxvnfjku/eNkXvEFeHjvRugKx7GgY3YXyHG6si+vhtcW/bHJfJcdxMcY5jQtqH3ogp7ijT49ehY9JSPAEr8ffrnbpG6ZaY48nGiVflC8wdphd3A+Z41zyKaT11Sm38ymzUvIyerAugbS3IMGnqXeIAt78Fc7AOnoSXou8MGv8BRR9shfGK2+f8f8fJGLfrRPyPLRTnalNaOc+hF3/99KdFiqszU1teqKvHIJa/T2MnLzrGlfMwbnM9HfdBNz+PYVHyYpLxtXe6Xld3cGZvRsTU1N8UgruoWB5YuQAAAABJRU5ErkJggg==",0,,""
靶点,层级3,"","data:image/jpeg;base64, iVBORw0KGgoAAAANSUhEUgAAAEAAAABACAYAAACqaXHeAAAAAXNSR0IArs4c6QAAAARnQU1BAACxjwv8YQUAAAAJcEhZcwAADsMAAA7DAcdvqGQAAAR/SURBVHhe7ZtpqG5TGICPeQoZUkIhEpJ/iigyZyrKfHFvKUTkhyEh0x9KIcqQefohQsQPGUJSSCRjIYQylHn2POeel2WdffZZ++x9v/19x37q6Z5v7bXWt/d7917Du8+ZGhgYGBgYGBhIOAPvX0Tuio14BP9aRC7BRtyLVR1NqkdhI4YAYNrBtWgnx06AR+OLmJ5/6wAcjJPE7Zief+sANO6gZ1qff97BQThJdH4HvIBV8+u4+hGm5986AJPuEABsxBAATDtosg6omof7bt86AE3XAfko3Hf71gFo2sGktx8CMAQA23QwBADT9kdiE9q2fwjT9r0H4FBswh1Y134VXHn5j5Vcgj9htG8awM4D8DzeifcUeBd+iFXtH8T78AhcE+vYHm9B27dOibUNQFd+jcfgGljKBXjc8h/LGccAvIqb4UJYe+bfYsYtAG/hJjgyug7ANWgfpfrMR9tv0ed5LvbAK9Gx4VY8HlfFVnQdgKYZpdsw2i6zoALviAfwY8wHzbOwFV0HYKHtX5r+NJsd8H38DrfADdE7Jb7PzVAr+g7A42i7Q6Y//Rcv9j30+OEWzHAYfoDv4O4WtKHvAJyIl6MLnpzY6r6BK1mQ4Gg/3/qgiL4DMBc74x9on5dZsKIY1wCYGYo+W9/mdXQdgC7eKzi1vY329zmujyuMrgNQ8l7hVKzD0f53tL9nLeiAfAz5h64DUOK5mLMnXoTn490Ydd+cKbsQL8Z9cTV01nADZIBuxrlWj9uhm6vXsHLKHHUA/kQHuBwv+jf8GdP6bnV/wTjmLvIVjAEydEW5OqY4dnyFab1ZjDoAn2HVDm8DdN5fF5/BqH8AOgZ4bD10YbQ3boOON19g1HV9EGyNP2AcU4M2i64DUJfXd6++F9axFn6K9vUlGpA6zsH4bh8J8Xl/Hb0r9kMfoSvQvcQsug5A298v2A2jr6csmIfN8Xu0/rsWwNn4CXrHzEvXAWjaPucUjL6utqCAJ9H6jhc+Fr4x3gWLGLcARGpLfWxKOBOt7zPupsnZophxCoDJT59d+/kVncJKcFaJdYPTZqMcwTgFwAXQj2g/boHzaa0On3/buRBrRH4Bo87rpxyI0Y9Z4VJ2xFg/fIMbYTH5BXSd12+Cz270Y4a3BKc8pzvzA9G20eYpD0Dk5fMcfpV1ef2q+ur32a4q6/swRj8ugEq4Cl0ZpuNAq0FwFDpv53O0C6AIpis45/cqNsYYG5wlrL/T9Kd/d5BmiooHwj4C8ATmeBGxvnfjku/eNkXvEFeHjvRugKx7GgY3YXyHG6si+vhtcW/bHJfJcdxMcY5jQtqH3ogp7ijT49ehY9JSPAEr8ffrnbpG6ZaY48nGiVflC8wdphd3A+Z41zyKaT11Sm38ymzUvIyerAugbS3IMGnqXeIAt78Fc7AOnoSXou8MGv8BRR9shfGK2+f8f8fJGLfrRPyPLRTnalNaOc+hF3/99KdFiqszU1teqKvHIJa/T2MnLzrGlfMwbnM9HfdBNz+PYVHyYpLxtXe6Xld3cGZvRsTU1N8UgruoWB5YuQAAAABJRU5ErkJggg==",0,,""
靶点,父靶点,"",,1140,,0
靶点,靶点ID,"",,5489,,0
靶点,靶点中文名称,"",,2226,,""
靶点,靶点名称,"",,5488,,""
靶点,靶点简称,"",,5478,,""
靶点,靶点英文名称,"",,5485,,""
